nama,unique_ID,kapasitas (MW),jenis,energi,tahun operasional,owner,regional,lokasi,feature code,ket,SRID
PLTA IR. PM Noor,8,30.00,PLTA,Air,1973,PLN,Kalimantan,"Aranio, Aranio, Banjar, Kalimantan Selatan",HB01050140,PLN UIKL Kalimantan,"4,326"
PLTA SESCO 275,59,90.00,PLTA,Air,2016,Excess Power,Kalimantan,"1328, 94200 Siburan, Sarawak, Malaysia",HB01050140,PLN UIKL Kalimantan,"4,326"
PLTBg Maju Aneka Sawit,235,1.00,PLTBg,Biogas,2014,Excess Power,Kalimantan,"Sampit, Kalimantan Tengah",HB01050140,Wilayah Kalimantan Selatan dan Kalimantan Timur,"4,326"
PLTBg Rea Kaltim,320,2.00,PLTBg,Biogas,2011,Excess Power,Kalimantan,"Jl. Kembang Janggut, Kutai Kartanegara, Kalimantan Timur",HB01050140,Wilayah Kalimantan Timur dan Kalimantan Utara,"4,326"
PLTBg Suka Damai,"107,322",2.40,PLTBg,Biogas,2020,PLN,Kalimantan,"Karang Sari, Kecamatan Kusan Hulu, Kabupaten Tanah Bumbu, Provinsi Kalimantan Selatan",HB01050140,Data Kapasitas Terpasang,"4,326"
PLTBg Sukajadi Sawit Mekar,236,2.40,PLTBg,Biogas,2014,Excess Power,Kalimantan,"Sampit, Kalimantan Tengah",HB01050140,Wilayah Kalimantan Selatan dan Kalimantan Timur,"4,326"
PLTBg Unggul Lestari,237,1.00,PLTBg,Biogas,2014,Excess Power,Kalimantan,"Sampit, Kalimantan Tengah",HB01050140,Wilayah Kalimantan Selatan dan Kalimantan Timur,"4,326"
PLTBm Gunung Sari HHM,352,0.20,PLTBm,Biomassa,N/A,Excess Power,Kalimantan,"Jl. Gunung Sari, Berau, Kalimantan Timur",HB01050140,Wilayah Kalimantan Timur dan Kalimantan Utara,"4,326"
PLTBm Karangan DL,286,0.35,PLTBm,Biomassa,1992,Excess Power,Kalimantan,"Jl. Karangan, Kutai Timur, Kalimantan Timur",HB01050140,Wilayah Kalimantan Timur dan Kalimantan Utara,"4,326"
PLTBm Korintiga Hutani,239,3.00,PLTBm,Serbuk Kayu,2014,Excess Power,Kalimantan,"Pangkalan Bun, Kalimantan Tengah",HB01050140,Wilayah Kalimantan Selatan dan Kalimantan Timur,"4,326"
PLTBm Kotawaringin Barat,90,10.00,PLTBm,Kayu,2018,Swasta,Kalimantan,"Kerabu, Arut Utara, Kotawaringin Barat, Kalimantan Tengah",HB01050140,PLN UIKL Kalimantan,"4,326"
PLTBm PT Alas Kusuma,115,3.50,PLTBm,NB,N/A,Excess Power,Kalimantan,"Kab. Ketapang, Kalimantan Barat",HB01050140,PLN UIW Kalimantan Barat,"4,326"
PLTBm PT Harjohn Timber,141,5.00,PLTBm,NB,N/A,Excess Power,Kalimantan,"Rasau Jaya, Kab. Kubu Raya, Kalimantan Barat",HB01050140,PLN UIW Kalimantan Barat,"4,326"
PLTBm PT. Rezeki,52,10.00,PLTBm,Non HSD,2018,IPP,Kalimantan,"Jl. Raya Wajok, Wajok Hulu, Siantan, Pontianak, Kalimantan Barat 78351",HB01050140,PLN UIKL Kalimantan,"4,326"
PLTBm Talisayan DL,350,0.26,PLTBm,Biomassa,2013,Excess Power,Kalimantan,"Jl. Talisayan , Talisayan, Talisayan, Berau, Kalimantan Timur",HB01050140,Wilayah Kalimantan Timur dan Kalimantan Utara,"4,326"
PLTD Aggreko Menyurai,198,7.00,PLTD,HSD,N/A,Sewa,Kalimantan,"Jl. Desa Sintang, Sintang, Kalimantan Barat",HB01050140,PLN UIW Kalimantan Barat,"4,326"
PLTD Aggreko Semboja,193,7.00,PLTD,HSD,N/A,Sewa,Kalimantan,"Jl. Desa Semboja, Semboja, Sanggau, Kalimantan Barat",HB01050140,PLN UIW Kalimantan Barat,"4,326"
PLTD Air Hitam,99,1.05,PLTD,HSD,2001,PLN,Kalimantan,"Jl. Desa Air Hitam Hulu, Air Hitam Hulu, Kendawangan, Ketapang, Kalimantan Barat",HB01050140,PLN UIW Kalimantan Barat,"4,326"
PLTD Air Upas,114,0.70,PLTD,HSD,N/A,PLN,Kalimantan,Jl. Desa Air Upas Kalimantan Barat,HB01050140,PLN UIW Kalimantan Barat,"4,326"
PLTD Area Singkawang,129,0.16,PLTD,HSD,N/A,PLN,Kalimantan,"Jl. Alianyang, Pasir, Singkawang Bar., Kota Singkawang, Kalimantan Barat",HB01050140,PLN UIW Kalimantan Barat,"4,326"
PLTD Artiduta,56,45.00,PLTD,MFO,2010,Sewa,Kalimantan,"Jl. Adi Sucipto No.4, Sungai Raya, Kabupaten Kubu Raya, Kalimantan Barat 78117",HB01050140,PLN UIKL Kalimantan,"4,326"
PLTD Asam Asam,12,8.40,PLTD,HSD,2000,PLN,Kalimantan,"Komplek PLTU Asam-Asam, Asri Mulia, Jorong, Tanah Laut, Kalimantan Selatan",HB01050140,PLN UIKL Kalimantan,"4,326"
PLTD Atap,325,0.30,PLTD,HSD,1983,PLN,Kalimantan,"Jl. Atap, Nunukan, Kalimantan Utara",HB01050140,Wilayah Kalimantan Timur dan Kalimantan Utara,"4,326"
PLTD Aur Kuning,104,2.75,PLTD,HSD,1995,PLN,Kalimantan,"Jl. Desa Riam Bunut, Riam Bunut, Sungai Laur, Ketapang, Kalimantan Barat",HB01050140,PLN UIW Kalimantan Barat,"4,326"
PLTD Babai,269,0.40,PLTD,HSD,1993,PLN,Kalimantan,"Babai, Karau Kuala, Barito Selatan, Kalimantan Tengah",HB01050140,Wilayah Kalimantan Selatan dan Kalimantan Timur,"4,326"
PLTD Badau,187,2.08,PLTD,HSD,2015,PLN,Kalimantan,"Jl. Desa Badau, Badau, Badau, Kapuas Hulu, Kalimantan Barat",HB01050140,PLN UIW Kalimantan Barat,"4,326"
PLTD Bakau,255,0.46,PLTD,HSD,1990,PLN,Kalimantan,"Bakau, Kotabaru, Kalimantan Selatan",HB01050140,Wilayah Kalimantan Selatan dan Kalimantan Timur,"4,326"
PLTD Balai Bekuak,103,3.01,PLTD,HSD,1999,PLN,Kalimantan,"Jl. Desa Balai Pinang, Balai Pinang, Simpang Hulu, Ketapang, Kalimantan Barat",HB01050140,PLN UIW Kalimantan Barat,"4,326"
PLTD Balai Karangan,146,4.69,PLTD,HSD,1995,PLN,Kalimantan,"Jl. Desa Balai Karangan, Balai Karangan, Sekayam, Sanggau, Kalimantan Barat",HB01050140,PLN UIW Kalimantan Barat,"4,326"
PLTD Balai Riam,231,0.54,PLTD,HSD,1982,PLN,Kalimantan,"Balai Riam, Kalimantan Tengah",HB01050140,Wilayah Kalimantan Selatan dan Kalimantan Timur,"4,326"
PLTD Balai Sepuak,150,1.00,PLTD,HSD,1980,PLN,Kalimantan,"Jl. Desa Balai Sepuak, Balai Sepuak, Belitang Hulu, Sekadau, Kalimantan Barat",HB01050140,PLN UIW Kalimantan Barat,"4,326"
PLTD Barabai,4,6.67,PLTD,HSD,1977,PLN,Kalimantan,"Jl. Trikesuma, Murakata, Barabai, Hulu Sungai Tengah, Kalimantan Selatan",HB01050140,PLN UIKL Kalimantan,"4,326"
PLTD Batakan Unit,37,12.16,PLTD,HSD,1988,PLN,Kalimantan,Jl. Manggar,HB01050140,PLN UIKL Kalimantan,"4,326"
PLTD Batu Ampar,140,0.58,PLTD,HSD,N/A,PLN,Kalimantan,"Batu Ampar, Kubu Raya, Kalimantan Barat",HB01050140,PLN UIW Kalimantan Barat,"4,326"
PLTD Batu Ampar,289,0.40,PLTD,HSD,1998,PLN,Kalimantan,"Jl. Batu Ampar, Kutai Timur, Kalimantan Timur",HB01050140,Wilayah Kalimantan Timur dan Kalimantan Utara,"4,326"
PLTD Batu Putih,356,0.82,PLTD,HSD,1995,PLN,Kalimantan,"Jl. Batu Putih, Berau, Kalimantan Timur",HB01050140,Wilayah Kalimantan Timur dan Kalimantan Utara,"4,326"
PLTD Batu Sopang,32,8.40,PLTD,HSD,2006,PLN,Kalimantan,Jl. Poros Kalsel,HB01050140,PLN UIKL Kalimantan,"4,326"
PLTD Belikai,180,0.30,PLTD,HSD,N/A,PLN,Kalimantan,Jl. Desa Nanga Belikai Kalimantan Barat,HB01050140,PLN UIW Kalimantan Barat,"4,326"
PLTD Belitang,148,3.30,PLTD,HSD,1997,PLN,Kalimantan,"Jl. Desa Belitang, Belitang, Belitang, Sekadau, Kalimantan Barat",HB01050140,PLN UIW Kalimantan Barat,"4,326"
PLTD Benangin,274,0.36,PLTD,HSD,1990,PLN,Kalimantan,"Benangin, Teweh Timur, Barito Utara, Kalimantan Tengah",HB01050140,Wilayah Kalimantan Selatan dan Kalimantan Timur,"4,326"
PLTD Bengkayang,125,0.50,PLTD,HSD,2003,PLN,Kalimantan,"Jl. Desa Bengkayang, Bengkayang, Bengkayang, Bengkayang, Kalimantan Barat",HB01050140,PLN UIW Kalimantan Barat,"4,326"
PLTD Biduk-Biduk,331,1.64,PLTD,HSD,1983,PLN,Kalimantan,"Jl. Biduk-Biduk, Berau, Kalimantan Timur",HB01050140,Wilayah Kalimantan Timur dan Kalimantan Utara,"4,326"
PLTD Bontang,15,27.59,PLTD,HSD,2003,PLN,Kalimantan,Jl. Kanaan,HB01050140,PLN UIKL Kalimantan,"4,326"
PLTD Bora,165,1.08,PLTD,HSD,1997,PLN,Kalimantan,"Jl. Desa Bora, Bora, Sayan, Melawi, Kalimantan Barat",HB01050140,PLN UIW Kalimantan Barat,"4,326"
PLTD Bugak Berawang,58,30.00,PLTD,MFO,2016,Sewa,Kalimantan,"Jl. Pelabuhan, Sei Nipah, Siantan, Pontianak, Kalimantan Barat 78351",HB01050140,PLN UIKL Kalimantan,"4,326"
PLTD Bundar,267,0.12,PLTD,HSD,1997,PLN,Kalimantan,"Bundar, Dusun Timur, Barito Selatan, Kalimantan Tengah",HB01050140,Wilayah Kalimantan Selatan dan Kalimantan Timur,"4,326"
PLTD Buntok,94,4.01,PLTD,HSD,2004,PLN,Kalimantan,Barito Selatan,HB01050140,PLN UIKL Kalimantan,"4,326"
PLTD Bunut,173,0.57,PLTD,HSD,1986,PLN,Kalimantan,"Jl. Desa Nanga Bunut, Nanga Bunut, Nanga Bunut, Kapuas Hulu, Kalimantan Barat",HB01050140,PLN UIW Kalimantan Barat,"4,326"
PLTD Bunyu,323,1.00,PLTD,HSD,2000,PLN,Kalimantan,"Jl. Bunyu, Bulungan, Kalimantan Utara",HB01050140,Wilayah Kalimantan Timur dan Kalimantan Utara,"4,326"
PLTD CDE Karang Joang (MFO),39,30.00,PLTD,MFO,2010,Excess Power,Kalimantan,Jl. Soekarno Hatta Km 15,HB01050140,PLN UIKL Kalimantan,"4,326"
PLTD Cempaka Putih,127,0.28,PLTD,HSD,1996,PLN,Kalimantan,"Jl. Desa Cempaka Putih, Cempaka Putih, Suti Semarang, Bengkayang, Kalimantan Barat",HB01050140,PLN UIW Kalimantan Barat,"4,326"
PLTD Cogindo (MFO),38,40.00,PLTD,MFO,2009,IPP,Kalimantan,Jl. Manggar,HB01050140,PLN UIKL Kalimantan,"4,326"
PLTD DKK Sukamara,"103,246",2.40,PLTD,HSD,2010,Sewa,Kalimantan,"Mendawai, Kecamatan Sukamara, Kabupaten Sukamara, Provinsi Kalimantan Tengah",HB01050140,Data Kapasitas Terpasang,"4,326"
PLTD Damparan,273,0.44,PLTD,HSD,1994,PLN,Kalimantan,"Damparan, Karau Kuala, Barito Selatan, Kalimantan Tengah",HB01050140,Wilayah Kalimantan Selatan dan Kalimantan Timur,"4,326"
PLTD Datah Bilang,302,0.54,PLTD,HSD,1992,PLN,Kalimantan,"Jl. Datah Bilang, Kutai Barat, Kalimantan Timur",HB01050140,Wilayah Kalimantan Timur dan Kalimantan Utara,"4,326"
PLTD Derawan,353,1.27,PLTD,HSD,1983,PLN,Kalimantan,"Jl. Derawan, Berau, Kalimantan Timur",HB01050140,Wilayah Kalimantan Timur dan Kalimantan Utara,"4,326"
PLTD Gunung Sari,351,0.57,PLTD,HSD,1994,PLN,Kalimantan,"Jl. Gunung Sari, Berau, Kalimantan Timur",HB01050140,Wilayah Kalimantan Timur dan Kalimantan Utara,"4,326"
PLTD Jantur,314,0.72,PLTD,HSD,1994,PLN,Kalimantan,"Jl. Jantur, Kutai Kartanegara, Kalimantan Timur",HB01050140,Wilayah Kalimantan Timur dan Kalimantan Utara,"4,326"
PLTD Jasa,188,0.31,PLTD,HSD,2015,PLN,Kalimantan,"Jl. Desa Jasa, Jasa, Ketungau Hulu, Sintang, Kalimantan Barat",HB01050140,PLN UIW Kalimantan Barat,"4,326"
PLTD Jenebora/Gresik,44,0.76,PLTD,HSD,2000,PLN,Kalimantan,Jl. Gresik,HB01050140,PLN UIKL Kalimantan,"4,326"
PLTD Jongkong,174,1.39,PLTD,HSD,1987,PLN,Kalimantan,"Jl. Desa Jongkong, Jongkong, Jongkong, Kapuas Hulu, Kalimantan Barat",HB01050140,PLN UIW Kalimantan Barat,"4,326"
PLTD KTT,334,3.81,PLTD,HSD,2009,BUMN,Kalimantan,"Jl. Tidang Pale , Tidang Pale, Tidang Pale, Tidang Pale, Kalimantan Utara",HB01050140,Wilayah Kalimantan Timur dan Kalimantan Utara,"4,326"
PLTD KTT Pemkab,333,3.68,PLTD,HSD,2009,BUMN,Kalimantan,"Jl. Tidang Pale , Tidang Pale, Tidang Pale, Tidang Pale, Kalimantan Utara",HB01050140,Wilayah Kalimantan Timur dan Kalimantan Utara,"4,326"
PLTD Kahayan/Area Palangka Raya,76,17.45,PLTD,HSD,1986,PLN,Kalimantan,"Palangkaraya, Kalimantan Tengah",HB01050140,PLN UIKL Kalimantan,"4,326"
PLTD Kalan,168,0.17,PLTD,HSD,1998,PLN,Kalimantan,"Jl. Desa Nanga Ella Hilir, Nanga Ella Hilir, Ella Hilir, Melawi, Kalimantan Barat",HB01050140,PLN UIW Kalimantan Barat,"4,326"
PLTD Kandui,278,1.13,PLTD,HSD,1984,PLN,Kalimantan,"Kandui, Gunung Timang, Barito Utara, Kalimantan Tengah",HB01050140,Wilayah Kalimantan Selatan dan Kalimantan Timur,"4,326"
PLTD Kantuk,181,0.14,PLTD,HSD,1987,PLN,Kalimantan,"Jl. Desa Kantuk, Kantuk, Sanggau, Sanggau, Kalimantan Barat",HB01050140,PLN UIW Kalimantan Barat,"4,326"
PLTD Karang Asam,14,40.00,PLTD,HSD,1978,PLN,Kalimantan,Jl. Tengkawang,HB01050140,PLN UIKL Kalimantan,"4,326"
PLTD Karangan,285,1.00,PLTD,HSD,1992,PLN,Kalimantan,"Jl. Karangan, Kutai Timur, Kalimantan Timur",HB01050140,Wilayah Kalimantan Timur dan Kalimantan Utara,"4,326"
"PLTD Kartamulia Sukamara Mitsubishi Unit 7,8","107,443",2.66,PLTD,HSD,2021,PLN,Kalimantan,,HB01050140,Data Kapasitas Terpasang,"4,326"
PLTD Kayan,169,0.34,PLTD,HSD,1993,PLN,Kalimantan,"Jl. Desa Nanga Kayan, Nanga Kayan, Nanga Pinoh, Melawi, Kalimantan Barat",HB01050140,PLN UIW Kalimantan Barat,"4,326"
PLTD Kayan Hulu,371,1.27,PLTD,HSD,N/A,IO,Kalimantan,"Jl. Kayan, Kayan Hulu, Nunukan, Kalimantan Utara",HB01050140,Wilayah Kalimantan Timur dan Kalimantan Utara,"4,326"
PLTD Kelumpang,307,0.12,PLTD,HSD,1994,PLN,Kalimantan,"Jl. Kelumpang, Kutai Barat, Kalimantan Timur",HB01050140,Wilayah Kalimantan Timur dan Kalimantan Utara,"4,326"
PLTD Kemangai,170,0.22,PLTD,HSD,1988,PLN,Kalimantan,"Jl. Desa Kemangai, Kemangai, Kemangai, Melawi, Kalimantan Barat",HB01050140,PLN UIW Kalimantan Barat,"4,326"
PLTD Kenambui,225,0.12,PLTD,HSD,1994,PLN,Kalimantan,"Kenambui, Kalimantan Tengah",HB01050140,Wilayah Kalimantan Selatan dan Kalimantan Timur,"4,326"
PLTD Kendawangan Kanan,98,0.82,PLTD,HSD,1996,PLN,Kalimantan,"Jl. Desa Keramat Jaya, Keramat Jaya, Kendawangan, Ketapang, Kalimantan Barat",HB01050140,PLN UIW Kalimantan Barat,"4,326"
PLTD Kerang,42,0.96,PLTD,HSD,1982,PLN,Kalimantan,Jl. Kerang,HB01050140,PLN UIKL Kalimantan,"4,326"
PLTD Kerasian,246,0.33,PLTD,HSD,2004,PLN,Kalimantan,"Kerasian, Kotabaru, Kalimantan Selatan",HB01050140,Wilayah Kalimantan Selatan dan Kalimantan Timur,"4,326"
PLTD Kerayaan,257,0.61,PLTD,HSD,2017,PLN,Kalimantan,"Pulau Kerayaan, Kotabaru, Kalimantan Selatan",HB01050140,Wilayah Kalimantan Selatan dan Kalimantan Timur,"4,326"
PLTD Kerumputan,258,0.46,PLTD,HSD,2017,PLN,Kalimantan,"Pulau Kerumputan Kotabaru, Kalimantan Selatan",HB01050140,Wilayah Kalimantan Selatan dan Kalimantan Timur,"4,326"
PLTD Ketungau,155,0.21,PLTD,HSD,1993,PLN,Kalimantan,"Jl. Desa Ketungau Hulu, Ketungau Hulu, Ketungau, Sintang, Kalimantan Barat",HB01050140,PLN UIW Kalimantan Barat,"4,326"
PLTD Kledang,16,40.03,PLTD,HSD,1987,PLN,Kalimantan,Jl. Harapan Baru,HB01050140,PLN UIKL Kalimantan,"4,326"
PLTD Koperasi IP Semboja,194,0.00,PLTD,HSD,N/A,Sewa,Kalimantan,"Jl. Desa Semboja, Semboja, Sanggau, Kalimantan Barat",HB01050140,PLN UIW Kalimantan Barat,"4,326"
PLTD Kota Baru,160,0.33,PLTD,HSD,1997,PLN,Kalimantan,"Jl. Desa Kota Baru, Kota Baru, Nanga Pinoh, Melawi, Kalimantan Barat",HB01050140,PLN UIW Kalimantan Barat,"4,326"
PLTD Kotabaru,87,15.47,PLTD,HSD,1980,PLN,Kalimantan,"Jl. H. Hasan Basri No.4, Semayap, Pulau Laut Utara, Kabupaten Kota Baru, Kalimantan Selatan",HB01050140,PLN UIKL Kalimantan,"4,326"
PLTD Krayan,359,0.80,PLTD,HSD,2015,PLN,Kalimantan,"Jl. Krayan, Nunukan, Kalimantan Utara",HB01050140,Wilayah Kalimantan Timur dan Kalimantan Utara,"4,326"
PLTD Kuala Buayan,145,1.57,PLTD,HSD,1993,PLN,Kalimantan,"Jl. Desa Kuala Buayan, Kuala Buayan, Meliau, Sanggau, Kalimantan Barat",HB01050140,PLN UIW Kalimantan Barat,"4,326"
PLTD Kuala Jelai,230,0.92,PLTD,HSD,1983,PLN,Kalimantan,"Kuala Jelai, Kalimantan Tengah",HB01050140,Wilayah Kalimantan Selatan dan Kalimantan Timur,"4,326"
PLTD Kuala Kapuas,3,6.00,PLTD,HSD,1992,PLN,Kalimantan,"Jl. Kalimantan, Selat, Selat, Kuala Kapuas, Kalimantan Tengah",HB01050140,PLN UIKL Kalimantan,"4,326"
PLTD Kuala Kurun #01 (MWM),"102,814",0.22,PLTD,HSD,1999,PLN,Kalimantan,"Tampang Tumbang Anjir, Kurun, Kabupaten Gunung Mas, Provinsi Kalimantan Tengah",HB01050140,Data Kapasitas Terpasang,"4,326"
PLTD Mara,339,0.50,PLTD,HSD,1993,PLN,Kalimantan,"Jl. Mara , Mara, Mara, Bulungan, Kalimantan Utara",HB01050140,Wilayah Kalimantan Timur dan Kalimantan Utara,"4,326"
PLTD Marabatuan,253,0.30,PLTD,HSD,1993,PLN,Kalimantan,"Marabatuan, Kotabaru, Kalimantan Selatan",HB01050140,Wilayah Kalimantan Selatan dan Kalimantan Timur,"4,326"
PLTD Marau,110,0.25,PLTD,HSD,1990,PLN,Kalimantan,"Jl. Desa Sukakarya, Sukakarya, Marau, Ketapang, Kalimantan Barat",HB01050140,PLN UIW Kalimantan Barat,"4,326"
PLTD Melak,70,24.61,PLTD,HSD,2001,BUMN,Kalimantan,"Jl. Sentawar, Kutai Barat, Kalimantan Timur",HB01050140,PLN UIKL Kalimantan,"4,326"
PLTD Melak Kaltimex,298,6.00,PLTD,HSD,2001,BUMN,Kalimantan,"Jl. Sentawar, Kutai Barat, Kalimantan Timur",HB01050140,Wilayah Kalimantan Timur dan Kalimantan Utara,"4,326"
PLTD Melak Pemkab,296,5.20,PLTD,HSD,2001,BUMN,Kalimantan,"Jl. Sentawar, Kutai Barat, Kalimantan Timur",HB01050140,Wilayah Kalimantan Timur dan Kalimantan Utara,"4,326"
PLTD Melak Sewatama,297,4.00,PLTD,HSD,2001,BUMN,Kalimantan,"Jl. Sentawar, Kutai Barat, Kalimantan Timur",HB01050140,Wilayah Kalimantan Timur dan Kalimantan Utara,"4,326"
PLTD Mendawai,223,1.35,PLTD,HSD,1994,PLN,Kalimantan,"Mendawai, Kalimantan Tengah",HB01050140,Wilayah Kalimantan Selatan dan Kalimantan Timur,"4,326"
PLTD Mentobi Raya,232,1.70,PLTD,HSD,2005,PLN,Kalimantan,"Mentobi Raya, Kalimantan Tengah",HB01050140,Wilayah Kalimantan Selatan dan Kalimantan Timur,"4,326"
PLTD Menyurai,151,12.21,PLTD,HSD,1986,PLN,Kalimantan,"Jl. Desa Sintang, Sintang, Sintang, Sintang, Kalimantan Barat",HB01050140,PLN UIW Kalimantan Barat,"4,326"
PLTD Merasa,357,0.28,PLTD,HSD,1994,PLN,Kalimantan,"Jl. Merasa , Merasa, Merasa, Berau, Kalimantan Timur",HB01050140,Wilayah Kalimantan Timur dan Kalimantan Utara,"4,326"
PLTD Merawan Lama,268,0.28,PLTD,HSD,1993,PLN,Kalimantan,"Merawan Lama, Dusun Timur, Barito Selatan, Kalimantan Tengah",HB01050140,Wilayah Kalimantan Selatan dan Kalimantan Timur,"4,326"
PLTD Montalat,277,0.26,PLTD,HSD,1996,PLN,Kalimantan,"Montalat, Montalat, Barito Utara, Kalimantan Tengah",HB01050140,Wilayah Kalimantan Selatan dan Kalimantan Timur,"4,326"
PLTD Muara Aloh,316,0.16,PLTD,HSD,1981,PLN,Kalimantan,"Jl. Muara Aloh , Muara Aloh, Muara Aloh, Kutai Kartanegara, Kalimantan Timur",HB01050140,Wilayah Kalimantan Timur dan Kalimantan Utara,"4,326"
PLTD Muara Bengkal,60,4.55,PLTD,HSD,1997,PLN,Kalimantan,Jl. Muara Bengkal,HB01050140,PLN UIKL Kalimantan,"4,326"
PLTD Muara Kedang,312,0.42,PLTD,HSD,1991,PLN,Kalimantan,"Jl. Muara Kedang , Muara Kedang, Muara Kedang, Kutai Kartanegara, Kalimantan Timur",HB01050140,Wilayah Kalimantan Timur dan Kalimantan Utara,"4,326"
PLTD Muara Komam,41,2.79,PLTD,HSD,1982,PLN,Kalimantan,Jl. Poros Kalsel,HB01050140,PLN UIKL Kalimantan,"4,326"
PLTD Muara Laung,280,2.07,PLTD,HSD,1987,PLN,Kalimantan,"Muara Laung, Lahung Tuhup, Murung Raya, Kalimantan Tengah",HB01050140,Wilayah Kalimantan Selatan dan Kalimantan Timur,"4,326"
PLTD Muara Muntai,308,1.50,PLTD,HSD,1994,PLN,Kalimantan,"Jl. Muara Muntai , Muara Muntai, Muara Muntai, Kutai Barat, Kalimantan Timur",HB01050140,Wilayah Kalimantan Timur dan Kalimantan Utara,"4,326"
PLTD Muara Pahu,301,0.80,PLTD,HSD,1992,PLN,Kalimantan,"Jl. Muara Pahu , Muara Pahu, Muara Pahu, Kutai Barat, Kalimantan Timur",HB01050140,Wilayah Kalimantan Timur dan Kalimantan Utara,"4,326"
PLTD Muara Pantuan,295,0.36,PLTD,HSD,1998,PLN,Kalimantan,"Jl. Muara Pantuan, Kutai Kartanegara, Kalimantan Timur",HB01050140,Wilayah Kalimantan Timur dan Kalimantan Utara,"4,326"
PLTD Muara Plantau,266,0.18,PLTD,HSD,1994,PLN,Kalimantan,"Muara Plantau, Karau Kuala, Barito Timur, Kalimantan Tengah",HB01050140,Wilayah Kalimantan Selatan dan Kalimantan Timur,"4,326"
PLTD Muara Siran,311,0.18,PLTD,HSD,1994,PLN,Kalimantan,"Jl. Muara Siran , Muara Siran, Muara Siran, Kutai Kartanegara, Kalimantan Timur",HB01050140,Wilayah Kalimantan Timur dan Kalimantan Utara,"4,326"
PLTD Muara Teweh,92,8.81,PLTD,HSD,2004,PLN,Kalimantan,"Barito Utara, Kalimantan Tengah",HB01050140,PLN UIKL Kalimantan,"4,326"
PLTD Muara Wahau,61,6.89,PLTD,HSD,1995,PLN,Kalimantan,Jl. Muara Wahau,HB01050140,PLN UIKL Kalimantan,"4,326"
PLTD Muara Wahau Altrak,288,3.00,PLTD,HSD,1995,PLN,Kalimantan,"Jl. Wahau , Wahau, Wahau, Kutai Timur, Kalimantan Timur",HB01050140,Wilayah Kalimantan Timur dan Kalimantan Utara,"4,326"
PLTD Mulyaharja,256,0.43,PLTD,HSD,1996,PLN,Kalimantan,"Mulyaharja, Kotabaru, Kalimantan Selatan",HB01050140,Wilayah Kalimantan Selatan dan Kalimantan Timur,"4,326"
PLTD Nanga Ella,163,1.45,PLTD,HSD,2005,PLN,Kalimantan,"Jl. Desa Nanga Ella, Nanga Ella, Nanga Ella, Melawi, Kalimantan Barat",HB01050140,PLN UIW Kalimantan Barat,"4,326"
PLTD Nanga Erak,179,0.57,PLTD,HSD,1990,PLN,Kalimantan,"Jl. Desa Nanga Erak, Nanga Erak, Nanga Erak, Kapuas Hulu, Kalimantan Barat",HB01050140,PLN UIW Kalimantan Barat,"4,326"
PLTD Nanga Lebang,158,0.22,PLTD,HSD,1987,PLN,Kalimantan,"Jl. Desa Nanga Lebang, Nanga Lebang , Kelam Permai, Sintang, Kalimantan Barat",HB01050140,PLN UIW Kalimantan Barat,"4,326"
PLTD Nanga Merakai,154,0.60,PLTD,HSD,2011,PLN,Kalimantan,"Jl. Desa Merakai, Merakai, Merakai, Sintang, Kalimantan Barat",HB01050140,PLN UIW Kalimantan Barat,"4,326"
PLTD Nanga Sayan,164,1.03,PLTD,HSD,1993,PLN,Kalimantan,"Jl. Desa Nanga Sayan, Nanga Sayan, Nanga Sayan, Melawi, Kalimantan Barat",HB01050140,PLN UIW Kalimantan Barat,"4,326"
PLTD Nanga Silat,152,0.75,PLTD,HSD,1979,PLN,Kalimantan,"Jl. Desa Nanga Silat, Nanga Silat, Nanga Silat, Sintang, Kalimantan Barat",HB01050140,PLN UIW Kalimantan Barat,"4,326"
PLTD Nanga Tayap,112,0.75,PLTD,HSD,N/A,PLN,Kalimantan,"Jl. Nanga Tayap, Ketapang, Kalimantan Barat",HB01050140,PLN UIW Kalimantan Barat,"4,326"
PLTD Ngabang,138,1.72,PLTD,HSD,N/A,PLN,Kalimantan,"Ngabang, Kabupaten Landak, Kalimantan Barat",HB01050140,PLN UIW Kalimantan Barat,"4,326"
PLTD Nibung,183,0.08,PLTD,HSD,1996,PLN,Kalimantan,"Jl. Desa Nibung, Nibung, Selimbau, Kapuas Hulu, Kalimantan Barat",HB01050140,PLN UIW Kalimantan Barat,"4,326"
PLTD Nunukan,341,11.20,PLTD,HSD,1977,PLN,Kalimantan,"Jl. Sei Bilal , Sei Bilal, Sei Bilal, Nunukan, Kalimantan Utara",HB01050140,Wilayah Kalimantan Timur dan Kalimantan Utara,"4,326"
PLTD Nunukan Pemkab,342,7.02,PLTD,HSD,1977,PLN,Kalimantan,"Jl. Sei Bilal , Sei Bilal, Sei Bilal, Nunukan, Kalimantan Utara",HB01050140,Wilayah Kalimantan Timur dan Kalimantan Utara,"4,326"
PLTD PT. Aggreko Nanga Tayap,121,6.00,PLTD,HSD,N/A,Sewa,Kalimantan,Jl. Jendral Ahmad Yani No. 100 Nanga Tayap Ketapang Kalimantan Barat,HB01050140,PLN UIW Kalimantan Barat,"4,326"
PLTD PT. Kaltimex Energy (Puruk Cahu),283,4.50,PLTD,HSD,N/A,Sewa,Kalimantan,"Murung Raya, Kalimantan Tengah",HB01050140,Wilayah Kalimantan Selatan dan Kalimantan Timur,"4,326"
PLTD PT. Koperasi Induk PLN KTP,118,3.00,PLTD,HSD,N/A,Sewa,Kalimantan,"Jl. Desa Sukaharja, Sukaharja, Delta Pawan, Ketapang, Kalimantan Barat",HB01050140,PLN UIW Kalimantan Barat,"4,326"
PLTD PT. Krista Nanga Tayap,119,0.00,PLTD,HSD,N/A,Sewa,Kalimantan,"Jl. Nanga Tayap, Ketapang, Kalimantan Barat",HB01050140,PLN UIW Kalimantan Barat,"4,326"
PLTD PT. Sewatama Ketapang,116,0.00,PLTD,HSD,N/A,Sewa,Kalimantan,"Jl. Desa Sukaharja, Sukaharja, Delta Pawan, Ketapang, Kalimantan Barat",HB01050140,PLN UIW Kalimantan Barat,"4,326"
PLTD Sewa UPM Pangkalan Banteng,85,2.50,PLTD,HSD,2018,BUMN,Kalimantan,"Pangkalan Bun, Kalimantan Tengah",HB01050140,PLN UIKL Kalimantan,"4,326"
PLTD Sewatama Menyurai 1,196,0.00,PLTD,HSD,N/A,Sewa,Kalimantan,"Jl. Desa Sintang, Sintang, Kalimantan Barat",HB01050140,PLN UIW Kalimantan Barat,"4,326"
PLTD Sewatama Menyurai 2,197,0.00,PLTD,HSD,N/A,Sewa,Kalimantan,"Jl. Desa Sintang, Sintang, Kalimantan Barat",HB01050140,PLN UIW Kalimantan Barat,"4,326"
PLTD Sewatama Pinoh,199,7.00,PLTD,HSD,N/A,Sewa,Kalimantan,"Jl. Desa Sidomulyo, Sidomulyo, Nanga Pinoh, Melawi, Kalimantan Barat",HB01050140,PLN UIW Kalimantan Barat,"4,326"
PLTD Sewatama Semboja,191,5.00,PLTD,HSD,N/A,Sewa,Kalimantan,"Jl. Desa Semboja, Semboja, Sanggau, Kalimantan Barat",HB01050140,PLN UIW Kalimantan Barat,"4,326"
PLTD Sewatama Semboja 2,192,0.00,PLTD,HSD,N/A,Sewa,Kalimantan,"Jl. Desa Semboja, Semboja, Sanggau, Kalimantan Barat",HB01050140,PLN UIW Kalimantan Barat,"4,326"
PLTD Sewatama Sera I&II,54,0.00,PLTD,HSD,2001,Sewa,Kalimantan,"Jl. Desa Sungai Raya, Sungai Raya, Kubu, Kubu Raya, Kalimantan Barat",HB01050140,PLN UIKL Kalimantan,"4,326"
PLTD Sewatama Sera III,57,0.00,PLTD,HSD,2013,Sewa,Kalimantan,"Jl. Desa Sungai Raya, Sungai Raya, Kubu, Kubu Raya, Kalimantan Barat",HB01050140,PLN UIKL Kalimantan,"4,326"
PLTD Sewatama Sibau,201,0.00,PLTD,HSD,N/A,Sewa,Kalimantan,"Jl. Kirin Durian, Putussibau, Kapuas Hulu, Kalimantan Barat",HB01050140,PLN UIW Kalimantan Barat,"4,326"
PLTD Siantan,45,49.90,PLTD,MFO,1977,PLN,Kalimantan,"Jl. Desa Siantan Hilir, Siantan Hilir, Pontianak Utara, Pontianak, Kalimantan Barat",HB01050140,PLN UIKL Kalimantan,"4,326"
PLTD Sidomulyo Pinoh,159,0.58,PLTD,HSD,2012,PLN,Kalimantan,"Jl. Desa Sidomulyo, Sidomulyo, Nanga Pinoh, Melawi, Kalimantan Barat",HB01050140,PLN UIW Kalimantan Barat,"4,326"
"PLTD Simpang Sepaku Mitsubishi Unit 5,6","107,441",2.66,PLTD,HSD,2021,PLN,Kalimantan,"Kujan, Bulik, Kabupaten Lamandau, Provinsi Kalimantan Tengah",HB01050140,Data Kapasitas Terpasang,"4,326"
PLTD Simpang Sepaku Mitsubishi Unit 9,"107,442",1.33,PLTD,HSD,2021,PLN,Kalimantan,"Kujan, Bulik, Kabupaten Lamandau, Provinsi Kalimantan Tengah",HB01050140,Data Kapasitas Terpasang,"4,326"
PLTD Sinar Pekayau,157,0.51,PLTD,HSD,1997,PLN,Kalimantan,"Jl. Desa Sinar Pekayau, Sinar Pekayau, Sinar Pekayau, Sintang, Kalimantan Barat",HB01050140,PLN UIW Kalimantan Barat,"4,326"
PLTD Sudirman,48,5.58,PLTD,HSD,1982,PLN,Kalimantan,"Jl. Desa Sudirman, Sudirman, Singkawang Tengah, Singkawang, Kalimantan Barat",HB01050140,PLN UIKL Kalimantan,"4,326"
PLTD Sukaharja,97,14.80,PLTD,HSD,1987,PLN,Kalimantan,"Jl. Desa Sukaharja, Sukaharja, Delta Pawan, Ketapang, Kalimantan Barat",HB01050140,PLN UIW Kalimantan Barat,"4,326"
PLTD Sukamandang,227,1.10,PLTD,HSD,1995,PLN,Kalimantan,"Sukamandang, Kalimantan Tengah",HB01050140,Wilayah Kalimantan Selatan dan Kalimantan Timur,"4,326"
PLTD Sukamara #01 (MAN),"103,262",0.54,PLTD,HSD,2006,PLN,Kalimantan,"Mendawai, Kecamatan Sukamara, Kabupaten Sukamara, Provinsi Kalimantan Tengah",HB01050140,Data Kapasitas Terpasang,"4,326"
PLTD Sukamara #02 (MAN),"103,263",0.54,PLTD,HSD,2009,PLN,Kalimantan,"Mendawai, Kecamatan Sukamara, Kabupaten Sukamara, Provinsi Kalimantan Tengah",HB01050140,Data Kapasitas Terpasang,"4,326"
PLTD Sukamara #03 (MWM),"102,853",0.22,PLTD,HSD,1998,PLN,Kalimantan,"Mendawai, Kecamatan Sukamara, Kabupaten Sukamara, Provinsi Kalimantan Tengah",HB01050140,Data Kapasitas Terpasang,"4,326"
PLTD Sukamara #04 (DEUTZ),"102,854",0.24,PLTD,HSD,1998,PLN,Kalimantan,"Mendawai, Kecamatan Sukamara, Kabupaten Sukamara, Provinsi Kalimantan Tengah",HB01050140,Data Kapasitas Terpasang,"4,326"
PLTD Sukamara #05 (DEUTZ AG),"102,855",0.70,PLTD,HSD,2000,PLN,Kalimantan,"Mendawai, Kecamatan Sukamara, Kabupaten Sukamara, Provinsi Kalimantan Tengah",HB01050140,Data Kapasitas Terpasang,"4,326"
PLTD Sukamara #06 (MTU),"102,856",0.53,PLTD,HSD,2017,PLN,Kalimantan,"Mendawai, Kecamatan Sukamara, Kabupaten Sukamara, Provinsi Kalimantan Tengah",HB01050140,Data Kapasitas Terpasang,"4,326"
PLTD Sukamara #07 (MITSUBITSI),"102,857",1.33,PLTD,HSD,2018,PLN,Kalimantan,"Mendawai, Kecamatan Sukamara, Kabupaten Sukamara, Provinsi Kalimantan Tengah",HB01050140,Data Kapasitas Terpasang,"4,326"
PLTD Sukamara #08 (MITSUBITSI),"102,858",1.33,PLTD,HSD,2018,PLN,Kalimantan,"Mendawai, Kecamatan Sukamara, Kabupaten Sukamara, Provinsi Kalimantan Tengah",HB01050140,Data Kapasitas Terpasang,"4,326"
PLTD Sukamara #09 (MITSUBITSI),"102,859",1.33,PLTD,HSD,2018,PLN,Kalimantan,"Mendawai, Kecamatan Sukamara, Kabupaten Sukamara, Provinsi Kalimantan Tengah",HB01050140,Data Kapasitas Terpasang,"4,326"
PLTD Sungai Hanyu,263,0.38,PLTD,HSD,1994,PLN,Kalimantan,"Sungai Hanyu, Kapuas Hulu, Kuala Kapuas, Kalimantan Tengah",HB01050140,Wilayah Kalimantan Selatan dan Kalimantan Timur,"4,326"
PLTD ULD Tumbang Tambirah,215,0.16,PLTD,HSD,1994,PLN,Kalimantan,"Tumbang Tambirah, Kalimantan Tengah",HB01050140,Wilayah Kalimantan Selatan dan Kalimantan Timur,"4,326"
PLTD UPM Parenggean,238,2.50,PLTD,HSD,2016,BUMN,Kalimantan,"Sampit, Kalimantan Tengah",HB01050140,Wilayah Kalimantan Selatan dan Kalimantan Timur,"4,326"
PLTD Ujung Said,184,0.50,PLTD,HSD,1984,PLN,Kalimantan,"Jl. Desa Ujung Said, Ujung Said, Jongkong, Kapuas Hulu, Kalimantan Barat",HB01050140,PLN UIW Kalimantan Barat,"4,326"
PLTD Ulak Medang,105,0.04,PLTD,HSD,1994,PLN,Kalimantan,"Jl. Desa Makmur Abadi, Makmur Abadi, Delta Pawan, Ketapang, Kalimantan Barat",HB01050140,PLN UIW Kalimantan Barat,"4,326"
PLTD Ulak Pauk,186,0.24,PLTD,HSD,1997,PLN,Kalimantan,"Jl. Desa Ulak Pauk, Ulak Pauk, Embaloh Hulu, Kapuas Hulu, Kalimantan Barat",HB01050140,PLN UIW Kalimantan Barat,"4,326"
PLTG PLN Tarakan #01,"106,027",15.70,PLTMG,Gas,2004,PLN,Kalimantan,"Jl. P. Diponegoro, Sebengkok, Tarakan Tengah, Kota Tarakan, Provinsi Kalimantan Utara",HB01050140,PLN UIKL Kalimantan,"4,326"
PLTG PLN Tarakan #02,"106,029",23.60,PLTMG,Gas,2011,PLN,Kalimantan,"Jl. P. Diponegoro, Sebengkok, Tarakan Tengah, Kota Tarakan, Provinsi Kalimantan Utara",HB01050140,PLN UIKL Kalimantan,"4,326"
PLTG Peaking #01,"102,387",70.00,PLTG,HSD,2014,PLN,Kalimantan,"Tanjung Batu, Kecamatan Tenggarong Seberang, Kabupaten Kutai Kartanegara, Provinsi Kalimantan Timur",HB01050140,PLN UIKL Kalimantan,"4,326"
PLTG Peaking #02,"102,388",70.00,PLTG,HSD,2014,PLN,Kalimantan,"Tanjung Batu, Kecamatan Tenggarong Seberang, Kabupaten Kutai Kartanegara, Provinsi Kalimantan Timur",HB01050140,PLN UIKL Kalimantan,"4,326"
PLTG Sambera #01,"102,389",20.00,PLTG,HSD,2009,PLN,Kalimantan,"Jl. Poros Samarinda, Tanah Datar, Muara Badak, Kota Bontang, Provinsi Kalimantan Timur",HB01050140,PLN UIKL Kalimantan,"4,326"
PLTG Sambera #02,"102,390",20.00,PLTG,HSD,2009,PLN,Kalimantan,"Jl. Poros Samarinda, Tanah Datar, Muara Badak, Kota Bontang, Provinsi Kalimantan Timur",HB01050140,PLN UIKL Kalimantan,"4,326"
PLTG Senipah #01,"102,472",46.00,PLTG,Gas,2014,IPP,Kalimantan,"Teluk Pemedas, Kecamatan Semboja, Kabupaten Kutai Kartanegara, Provinsi Kalimantan Timur",HB01050140,PLN UIKL Kalimantan,"4,326"
PLTG Senipah #02,"102,473",46.00,PLTG,Gas,2015,IPP,Kalimantan,"Teluk Pemedas, Kecamatan Semboja, Kabupaten Kutai Kartanegara, Provinsi Kalimantan Timur",HB01050140,PLN UIKL Kalimantan,"4,326"
PLTG Siantan,"102,415",34.00,PLTG,HSD,1997,PLN,Kalimantan,"Siantan Hilir, Pontianak Utara, Kota Pontianak, Provinsi Kalimantan Barat",HB01050140,PLN UIKL Kalimantan,"4,326"
PLTG Sw Tarakan (PT. PLN Tarakan - Perusda),"103,637",1.00,PLTG,Gas,2017,Sewa,Kalimantan,"Jl. P. Diponegoro, Sebengkok, Tarakan Tengah, Kota Tarakan, Provinsi Kalimantan Utara",HB01050140,PLN UIKL Kalimantan,"4,326"
PLTG Trisakti,"102,311",21.00,PLTG,HSD,1985,PLN,Kalimantan,"Kuin Cerucuk, Kecamatan Banjarmasin Barat, Kota Banjarmasin, Provinsi Kalimantan Selatan",HB01050140,PLN UIKL Kalimantan,"4,326"
PLTGU Senipah (ST),"107,328",29.55,PLTGU,Gas,2020,IPP,Kalimantan,"Teluk Pemedas, Kecamatan Semboja, Kabupaten Kutai Kartanegara, Provinsi Kalimantan Timur",HB01050140,Data Kapasitas Terpasang,"4,326"
PLTGU Tanjung Batu #01,"102,384",20.00,PLTGU,HSD,1997,PLN,Kalimantan,"Tanjung Batu, Kecamatan Tenggarong Seberang, Kabupaten Kutai Kartanegara, Provinsi Kalimantan Timur",HB01050140,PLN UIKL Kalimantan,"4,326"
PLTGU Tanjung Batu #02,"102,385",20.00,PLTGU,HSD,1997,PLN,Kalimantan,"Tanjung Batu, Kecamatan Tenggarong Seberang, Kabupaten Kutai Kartanegara, Provinsi Kalimantan Timur",HB01050140,PLN UIKL Kalimantan,"4,326"
PLTGU Tanjung Batu #03,"102,386",20.00,PLTGU,HSD,1998,PLN,Kalimantan,"Tanjung Batu, Kecamatan Tenggarong Seberang, Kabupaten Kutai Kartanegara, Provinsi Kalimantan Timur",HB01050140,PLN UIKL Kalimantan,"4,326"
PLTMG Bangkanai Blok #01,"102,325",39.08,PLTMG,Gas,2016,PLN,Kalimantan,"Muara Pari, Lahei, Muara Pari, Barito Utara, Kabupaten Barito Utara, Provinsi Kalimantan Tengah",HB01050140,PLN UIKL Kalimantan,"4,326"
PLTMG Bangkanai Blok #02,"102,326",39.08,PLTMG,Gas,2016,PLN,Kalimantan,"Muara Pari, Lahei, Muara Pari, Barito Utara, Kabupaten Barito Utara, Provinsi Kalimantan Tengah",HB01050140,PLN UIKL Kalimantan,"4,326"
PLTMG Bangkanai Blok #03,"102,327",39.08,PLTMG,Gas,2016,PLN,Kalimantan,"Muara Pari, Lahei, Muara Pari, Barito Utara, Kabupaten Barito Utara, Provinsi Kalimantan Tengah",HB01050140,PLN UIKL Kalimantan,"4,326"
PLTMG Bangkanai Blok #04,"102,328",39.08,PLTMG,Gas,2016,PLN,Kalimantan,"Muara Pari, Lahei, Muara Pari, Barito Utara, Kabupaten Barito Utara, Provinsi Kalimantan Tengah",HB01050140,PLN UIKL Kalimantan,"4,326"
PLTS Lumbis Ogong ESDM,370,0.10,PLTS,Surya,2016,PLN,Kalimantan,"Jl. Lumbis, Lumbis, Lumbis, Nunukan, Kalimantan Utara",HB01050140,Wilayah Kalimantan Timur dan Kalimantan Utara,"4,326"
PLTS Pulau Limbung,135,0.06,PLTS,Surya,N/A,PLN,Kalimantan,"Jl. Desa Pulau Limbung, Pulau Limbung, Sungai Raya, Kubu Raya, Kalimantan Barat",HB01050140,PLN UIW Kalimantan Barat,"4,326"
PLTS Sebatik,345,0.34,PLTS,Surya,1983,PLN,Kalimantan,"Jl. Sebatik , Sebatik, Sebatik, Nunukan, Kalimantan Utara",HB01050140,Wilayah Kalimantan Timur dan Kalimantan Utara,"4,326"
PLTS Sebatik ESDM,368,0.20,PLTS,Surya,2015,BUMN,Kalimantan,"Jl. Sei Limau , Sei Limau, Sei Limau, Nunukan, Kalimantan Utara",HB01050140,Wilayah Kalimantan Timur dan Kalimantan Utara,"4,326"
PLTS Sebuku ESDM,365,0.10,PLTS,Surya,2016,PLN,Kalimantan,"Jl. Sebuku , Sebuku, Sebuku, Nunukan, Kalimantan Utara",HB01050140,Wilayah Kalimantan Timur dan Kalimantan Utara,"4,326"
PLTS Seimenggaris ESDM,363,0.10,PLTS,Surya,2015,PLN,Kalimantan,"Jl. Seimenggaris , Seimenggaris, Seimenggaris, Nunukan, Kalimantan Utara",HB01050140,Wilayah Kalimantan Timur dan Kalimantan Utara,"4,326"
PLTS Sidding,131,0.04,PLTS,Surya,2013,PLN,Kalimantan,"Jl. Desa Siding, Siding, Siding, Bengkayang, Kalimantan Barat",HB01050140,PLN UIW Kalimantan Barat,"4,326"
PLTS Temajuk,130,0.08,PLTS,Surya,2012,PLN,Kalimantan,"Jl. Desa Temajuk, Temajuk, Paloh, Sambas, Kalimantan Barat",HB01050140,PLN UIW Kalimantan Barat,"4,326"
PLTS Tulin Onsoi ESDM,367,0.10,PLTS,Surya,2016,BUMN,Kalimantan,"Jl. Tulin , Tulin, Tulin, Nunukan, Kalimantan Utara",HB01050140,Wilayah Kalimantan Timur dan Kalimantan Utara,"4,326"
PLTU Asam Asam #01,"102,329",65.00,PLTU,Batubara,2000,PLN,Kalimantan,"Komplek PLTU Asam-Asam, Asri Mulia, Jorong, Tanah Laut, Kalimantan Selatan",HB01050140,Data Kapasitas Terpasang,"4,326"
PLTU Asam Asam #02,"102,330",65.00,PLTU,Batubara,2000,PLN,Kalimantan,"Komplek PLTU Asam-Asam, Asri Mulia, Jorong, Tanah Laut, Kalimantan Selatan",HB01050140,Data Kapasitas Terpasang,"4,326"
PLTU Asam Asam #03,"102,331",65.00,PLTU,Batubara,2013,PLN,Kalimantan,"Komplek PLTU Asam-Asam, Asri Mulia, Jorong, Tanah Laut, Kalimantan Selatan",HB01050140,Data Kapasitas Terpasang,"4,326"
PLTU Asam Asam #04,"102,332",65.00,PLTU,Batubara,2013,PLN,Kalimantan,"Komplek PLTU Asam-Asam, Asri Mulia, Jorong, Tanah Laut, Kalimantan Selatan",HB01050140,Data Kapasitas Terpasang,"4,326"
PLTU Dua Samudera Perkasa (DSP),"102,452",6.00,PLTU,Batubara,2008,IO,Kalimantan,"Sungai Dua, Simpang Empat, Tanah Bumbu, Kalimantan Selatan",HB01050140,Data Kapasitas Terpasang,"4,326"
PLTU Embalut (PT. Cahaya Fajar Kaltim) #01,"102,474",25.00,PLTU,Batubara,2008,IPP,Kalimantan,"Tanjung Batu, Kec. Tenggarong Seberang, Kabupaten Kutai Kartanegara, Kalimantan Timur",HB01050140,Data Kapasitas Terpasang,"4,326"
PLTU Embalut (PT. Cahaya Fajar Kaltim) #02,"102,475",25.00,PLTU,Batubara,2008,IPP,Kalimantan,"Tanjung Batu, Kec. Tenggarong Seberang, Kabupaten Kutai Kartanegara, Kalimantan Timur",HB01050140,Data Kapasitas Terpasang,"4,326"
PLTU Embalut Ekspansi (PT. Cahaya Fajar Kaltim),"102,476",50.00,PLTU,Batubara,2008,IPP,Kalimantan,"Tanjung Batu, Kec. Tenggarong Seberang, Kabupaten Kutai Kartanegara, Kalimantan Timur",HB01050140,Data Kapasitas Terpasang,"4,326"
PLTU Kalbar 1 Unit 1,"107,326",125.00,PLTU,Batubara,2020,IPP,Kalimantan,"Karimunting, Sungai Raya Kepulauan, Kabupaten Bengkayang, Provinsi Kalimantan Barat",HB01050140,Data Kapasitas Terpasang,"4,326"
PLTU Kalbar 1 Unit 2,"107,396",125.00,PLTU,Batubara,2021,IPP,Kalimantan,"Karimunting, Sungai Raya Kepulauan, Kabupaten Bengkayang, Provinsi Kalimantan Barat",HB01050140,Data Kapasitas Terpasang,"4,326"
PLTU Kalsel-1 (PT. Tanjung Power Indonesia) #01,"102,468",115.00,PLTU,Batubara,2019,IPP,Kalimantan,"Kasiau, Murung Pudak, Kabupaten Tabalong, Provinsi Kalimantan Selatan",HB01050140,Data Kapasitas Terpasang,"4,326"
PLTU Kalsel-1 (PT. Tanjung Power Indonesia) #02,"102,469",115.00,PLTU,Batubara,2019,IPP,Kalimantan,"Kasiau, Murung Pudak, Kabupaten Tabalong, Provinsi Kalimantan Selatan",HB01050140,Data Kapasitas Terpasang,"4,326"
PLTU Kalselteng 1 (PT. SKS Listrik Kalimantan) #01,"107,323",115.03,PLTU,Batubara,2020,IPP,Kalimantan,"Tumbang Kajuei, Kec. Rungan, Kabupaten Gunungmas, Kalimantan Tengah",HB01050140,Data Kapasitas Terpasang,"4,326"
PLTU Kalselteng 1 (PT. SKS Listrik Kalimantan) #02,"107,324",115.03,PLTU,Batubara,2020,IPP,Kalimantan,"Tumbang Kajuei, Kec. Rungan, Kabupaten Gunungmas, Kalimantan Tengah",HB01050140,Data Kapasitas Terpasang,"4,326"
PLTU Kaltim (FTP2) Unit 1,"107,122",100.00,PLTU,Batubara,2019,IPP,Kalimantan,"Jalan Abdi Negara, Bontang Lestari, Bontang Selatan, Kota Bontang, Provinsi Kalimantan Timur",HB01050140,Data Kapasitas Terpasang,"4,326"
PLTU Kaltim (FTP2) Unit 2,"107,317",125.00,PLTU,Batubara,2020,IPP,Kalimantan,"Jalan Abdi Negara, Bontang Lestari, Bontang Selatan, Kota Bontang, Provinsi Kalimantan Timur",HB01050140,Data Kapasitas Terpasang,"4,326"
PLTU Kaltim 4 (Ekspansi-2 Embalut) #01,"107,319",115.00,PLTU,Batubara,2020,IPP,Kalimantan,"Tanjung Batu, Kec. Tenggarong Seberang, Kabupaten Kutai Kartanegara, Kalimantan Timur",HB01050140,Data Kapasitas Terpasang,"4,326"
PLTU Kaltim 4 (Ekspansi-2 Embalut) #02,"107,320",115.00,PLTU,Batubara,2020,IPP,Kalimantan,"Tanjung Batu, Kec. Tenggarong Seberang, Kabupaten Kutai Kartanegara, Kalimantan Timur",HB01050140,Data Kapasitas Terpasang,"4,326"
PLTU Kariangau (PT. Kariangau Power) #01,"102,455",15.00,PLTU,Batubara,2014,PPU,Kalimantan,"Kariangau, Kec. Balikpapan Barat, Kota Balikpapan, Kalimantan Timur",HB01050140,Data Kapasitas Terpasang,"4,326"
PLTU Kariangau (PT. Kariangau Power) #02,"102,456",15.00,PLTU,Batubara,2014,PPU,Kalimantan,"Kariangau, Kec. Balikpapan Barat, Kota Balikpapan, Kalimantan Timur",HB01050140,Data Kapasitas Terpasang,"4,326"
PLTU Ketapang #01,"102,431",10.00,PLTU,Batubara,2016,PLN,Kalimantan,"Desa Sukabangun, Kec. Delta Pawan, Kabupaten Ketapang, Kalimantan Barat",HB01050140,Data Kapasitas Terpasang,"4,326"
PLTU Ketapang #02,"102,432",10.00,PLTU,Batubara,2016,PLN,Kalimantan,"Desa Sukabangun, Kec. Delta Pawan, Kabupaten Ketapang, Kalimantan Barat",HB01050140,Data Kapasitas Terpasang,"4,326"
PLTU Lati (PT. Indo Pusaka Berau),"103,501",21.00,PLTU,Batubara,2004,IO,Kalimantan,"Sambakungan, Kec. Gunung Tabur, Kabupaten Berau, Kalimantan Timur",HB01050140,Data Kapasitas Terpasang,"4,326"
PLTU MT Kaltim (Muara Jawa) #01,"102,466",33.00,PLTU,Batubara,2018,IPP,Kalimantan,"Teluk Dalam, Muara Jawa, Kabupaten Kutai Kartanegara, Kalimantan Timur",HB01050140,PLN UIKL Kalimantan,"4,326"
PLTU MT Kaltim (Muara Jawa) #02,"102,467",33.00,PLTU,Batubara,2018,IPP,Kalimantan,"Teluk Dalam, Muara Jawa, Kabupaten Kutai Kartanegara, Kalimantan Timur",HB01050140,PLN UIKL Kalimantan,"4,326"
PLTU Mangkujenang,25,4.00,PLTU,Batubara,2015,Excess Power,Kalimantan,Jl. Palaran,HB01050140,PLN UIKL Kalimantan,"4,326"
PLTU PT. Conch South Kalimantan Cement (SKC),"102,450",15.00,PLTU,Batubara,2015,IO,Kalimantan,"Seradang, Haruai, Tabalong, Kalimantan Selatan",HB01050140,Data Kapasitas Terpasang,"4,326"
PLTU PT. Idec Abadi Wood Industries (AWI),"103,645",7.00,PLTU,Batubara,2017,PPU,Kalimantan,"JL Kampung No.4, Pamusian, Tarakan Timur, Kota Tarakan, Kalimantan Utara",HB01050140,Data Kapasitas Terpasang,"4,326"
PLTU PT. Indocement Tunggal Perkasa,"105,996",55.00,PLTU,Batubara,2000,IO,Kalimantan,"Tarjun, Kelumpang Hilir, Kab. Kotabaru, Kalimantan Selatan",HB01050140,Data Kapasitas Terpasang,"4,326"
PLTU PT. Kalimantan Powerindo,"106,033",15.00,PLTU,Batubara,2016,PPU,Kalimantan,"Sanggulan, Sebulu, Kabupaten Kutai Kartanegara, Kalimantan Timur",HB01050140,Data Kapasitas Terpasang,"4,326"
PLTU PT. Kaltim Daya Mandiri,"106,032",34.00,PLTU,Batubara,2016,PPU,Kalimantan,"Guntung, Bontang Utara, Kota Bontang, Kalimantan Timur",HB01050140,Data Kapasitas Terpasang,"4,326"
PLTU PT. Makmur Sejahtera Wisesa,"106,025",60.00,PLTU,Batubara,2013,PPU,Kalimantan,"Kasiau, Murung Pudak, Kabupaten Tabalong, Kalimantan Selatan 71571",HB01050140,Data Kapasitas Terpasang,"4,326"
PLTU PT. Smart Tarjun Refinery,"103,233",3.20,PLTU,Batubara,2016,IO,Kalimantan,"Tarjun, Kelumpang Hilir, Kab. Kotabaru, Kalimantan Selatan",HB01050140,Data Kapasitas Terpasang,"4,326"
PLTU PT. Sumber Alam Sekurau (SAS),"106,030",7.50,PLTU,Batubara,2016,PPU,Kalimantan,"Tengkapak, Tanjung Selor, Kabupaten Bulungan, Kalimantan Utara",HB01050140,Data Kapasitas Terpasang,"4,326"
PLTU PT. Wijaya Triutama Plywood Industri,"106,031",45.00,PLTU,Batubara,2016,PPU,Kalimantan,"Basirih, Kec. Banjarmasin Barat, Kota Banjarmasin, Kalimantan Selatan",HB01050140,Data Kapasitas Terpasang,"4,326"
PLTU Pangkalan Bun (PT. Eksploitasi Energi Indonesia),"103,251",14.00,PLTU,Batubara,2011,IPP,Kalimantan,"Sungai Kapitan, Kec. Kumai, Kabupaten Kotawaringin Barat, Kalimantan Tengah",HB01050140,Data Kapasitas Terpasang,"4,326"
PLTU Parit Baru Site Bengkayang #01,"102,425",55.00,PLTU,Batubara,2018,PLN,Kalimantan,"Jl. Parit Emas Desa Sei Batu Kecamatan Kapuas, Kabupaten Sanggau Kalimantan Barat",HB01050140,Data Kapasitas Terpasang,"4,326"
PLTU Parit Baru Site Bengkayang #02,"107,104",55.00,PLTU,Batubara,2019,PLN,Kalimantan,"Karimunting, Sungai Raya Kepulauan, Kabupaten Bengkayang, Provinsi Kalimantan Barat",HB01050140,Data Kapasitas Terpasang,"4,326"
PLTU Pulang Pisau #01,"102,333",60.00,PLTU,Batubara,2016,PLN,Kalimantan,"Desa Buntoi, Kahayan Hilir, Pulang Pisau, Kalimantan Tengah",HB01050140,Data Kapasitas Terpasang,"4,326"
PLTU Pulang Pisau #02,"102,334",60.00,PLTU,Batubara,2017,PLN,Kalimantan,"Desa Buntoi, Kahayan Hilir, Pulang Pisau, Kalimantan Tengah",HB01050140,Data Kapasitas Terpasang,"4,326"
PLTU Rimau Electric,"102,453",7.00,PLTU,Batubara,2013,IPP,Kalimantan,"Jl. A. Yani KM. 12, Tamianglayang, Kandris, Karusen Janang, Kabupaten Barito Timur, Kalimantan Tengah",HB01050140,Data Kapasitas Terpasang,"4,326"
PLTU Rimba Raya,"102,460",7.50,PLTU,Batubara,2015,IO,Kalimantan,"Loa Kulu Kota, Kec. Loa Kulu, Kabupaten Kutai Kartanegara, Kalimantan Timur 75391",HB01050140,Data Kapasitas Terpasang,"4,326"
PLTU Sangatta (PT. Kaltim Prima Coal) Ex Sektor Mahakam,"103,504",18.00,PLTU,Batubara,2017,IO,Kalimantan,"Sangatta Utara, Kabupaten Kutai Timur, Kalimantan Timur",HB01050140,Data Kapasitas Terpasang,"4,326"
PLTU Sanggau #01,"102,426",7.00,PLTU,Batubara,2014,PLN,Kalimantan,"Jl. Desa Sungai Batu, Sungai Batu, Sanggau, Sanggau, Kalimantan Barat",HB01050140,Data Kapasitas Terpasang,"4,326"
PLTU Sanggau #02,"102,427",7.00,PLTU,Batubara,2014,PLN,Kalimantan,"Jl. Desa Sungai Batu, Sungai Batu, Sanggau, Sanggau, Kalimantan Barat",HB01050140,Data Kapasitas Terpasang,"4,326"
PLTU Senoni #01,"102,458",7.50,PLTU,Batubara,2011,IO,Kalimantan,"JL. Dr. Cipto Mangunkusumo, Loa Janan, Sengkotek, Kec. Loa Janan Ilir, Kota Samarinda, Kalimantan Timur",HB01050140,Data Kapasitas Terpasang,"4,326"
PLTU Senoni #02,"102,459",7.50,PLTU,Batubara,2011,IO,Kalimantan,"JL. Dr. Cipto Mangunkusumo, Loa Janan, Sengkotek, Kec. Loa Janan Ilir, Kota Samarinda, Kalimantan Timur",HB01050140,Data Kapasitas Terpasang,"4,326"
PLTU Sintang #01,"102,428",9.00,PLTU,Batubara,2018,IPP,Kalimantan,"Anggah Jaya, Kec. Sintang, Kabupaten Sintang, Kalimantan Barat",HB01050140,Data Kapasitas Terpasang,"4,326"
PLTU Sintang #02,"102,429",9.00,PLTU,Batubara,2018,IPP,Kalimantan,"Anggah Jaya, Kec. Sintang, Kabupaten Sintang, Kalimantan Barat",HB01050140,Data Kapasitas Terpasang,"4,326"
PLTU Sintang #03,"102,430",9.00,PLTU,Batubara,2018,IPP,Kalimantan,"Anggah Jaya, Kec. Sintang, Kabupaten Sintang, Kalimantan Barat",HB01050140,Data Kapasitas Terpasang,"4,326"
PLTU Tanjung Redep / Berau #01,"107,321",9.50,PLTU,Batubara,2020,PLN,Kalimantan,"Area Tambang BJU,Pinggir Sungai Segah, Teluk Bayur, Kabupaten Berau, Provinsi Kalimantan Timur",HB01050140,Data Kapasitas Terpasang,"4,326"
PLTU Tanjung Redep / Berau #02,"107,316",9.13,PLTU,Batubara,2020,PLN,Kalimantan,"Area Tambang BJU,Pinggir Sungai Segah, Teluk Bayur, Kabupaten Berau, Provinsi Kalimantan Timur",HB01050140,Data Kapasitas Terpasang,"4,326"
PLTU Teluk Balikpapan #01,"102,382",110.00,PLTU,Batubara,2017,PLN,Kalimantan,"Desa Kariangau, Kota Balikpapan, Kalimantan Timur",HB01050140,Data Kapasitas Terpasang,"4,326"
PLTU Teluk Balikpapan #02,"102,383",110.00,PLTU,Batubara,2017,PLN,Kalimantan,"Desa Kariangau, Kota Balikpapan, Kalimantan Timur",HB01050140,Data Kapasitas Terpasang,"4,326"
PLTU Tembilok (IPP Ketapang) #01,"107,102",7.50,PLTU,Batubara,2019,IPP,Kalimantan,"Sungai Awan Kanan, Muara Pawan, Kabupaten Ketapang, Provinsi Kalimantan Barat",HB01050140,Data Kapasitas Terpasang,"4,326"
PLTU Tembilok (IPP Ketapang) #02,"107,103",7.50,PLTU,Batubara,2019,IPP,Kalimantan,"Sungai Awan Kanan, Muara Pawan, Kabupaten Ketapang, Provinsi Kalimantan Barat",HB01050140,Data Kapasitas Terpasang,"4,326"
