type,node0,lon0,lat0,bus0,p_nom,carrier,voltage,type1,node1,lon1,lat1,bus1
generator,PLTD_Lemukutan,108.712,0.76,,0.412,Oil,,substation,GI_PLTU_2_Kalbar,108.8653,0.83,3
generator,PLTU_Kalbar_1_Unit_1,108.846,0.815,,125,Coal,,substation,GI_PLTU_2_Kalbar,108.8653,0.83,3
generator,PLTU_Kalbar_1_Unit_2,108.846,0.816,,125,Coal,,substation,GI_PLTU_2_Kalbar,108.8653,0.83,3
substation,GI_PLTU_2_Kalbar,108.8653,0.83,3,,,150,#VALUE!,,,,
generator,PLTU_Parit_Baru_Site_Bengkayang_#01,108.874,0.837,,55,Coal,,substation,GI_PLTU_2_Kalbar,108.8653,0.83,3
generator,PLTU_Parit_Baru_Site_Bengkayang_#02,108.874,0.837,,55,Coal,,substation,GI_PLTU_2_Kalbar,108.8653,0.83,3
substation,GI_PLTU_3_Kalbar,108.8747,0.8361,2,,,150,#VALUE!,,,,
generator,PLTD_Area_Singkawang,108.98,0.912,,0.16,Oil,,substation,GI_Singkawang,108.9876,0.9266,1
substation,GI_Senggiring,108.9853,0.3162,4,,,150,#VALUE!,,,,
generator,PLTD_Sei_Wie,108.987,0.926,,18.4,Oil,,substation,GI_Singkawang,108.9876,0.9266,1
substation,GI_Singkawang,108.9876,0.9266,1,,,150,#VALUE!,,,,
generator,PLTD_Sudirman,108.998,0.911,,5.585,Oil,,substation,GI_Singkawang,108.9876,0.9266,1
generator,PLTD_Sepuk_Laut,109.078,-0.222,,0.5,Oil,,substation,GI_Parit_Baru,109.2055,0.0592,5
generator,PLTD_Tanjung_Saleh,109.148,-0.108,,0.77,Oil,,substation,GI_Parit_Baru,109.2055,0.0592,5
generator,PLTMG_MPP_PLN_Batam_(MPP_Pontianak),109.204,0.059,,100,Oil,,substation,GI_Parit_Baru,109.2055,0.0592,5
substation,GI_Parit_Baru,109.2055,0.0592,5,,,150,#VALUE!,,,,
substation,GI_Sambas,109.2688,1.3429,0,,,150,#VALUE!,,,,
generator,PLTD_Padang_Tikar,109.272,0.682,,3.375,Oil,,substation,GI_Parit_Baru,109.2055,0.0592,5
generator,PLTBm_PT._Rezeki,109.286,0.011,,10,Biomass,,substation,GI_Parit_Baru,109.2055,0.0592,5
generator,PLTD_Sambas,109.296,1.36,,4.095,Oil,,substation,GI_Sambas,109.2688,1.3429,0
substation,GI_Kota_Baru,109.2987,-0.0754,6,,,150,#VALUE!,,,,
generator,PLTD_Siantan,109.327,-0.002,,49.9,Oil,,substation,GI_Siantan,109.328,-0.0002,7
generator,PLTG_Siantan,109.327,-0.001,,34,Oil,,substation,GI_Siantan,109.328,-0.0002,7
substation,GI_Siantan,109.328,-0.0002,7,,,150,#VALUE!,,,,
generator,PLTD_Sei_Raya,109.38,-0.072,,50.4,Oil,,substation,GI_Kota_Baru,109.2987,-0.0754,6
substation,GI_Sei_Raya,109.3809,-0.0735,8,,,150,#VALUE!,,,,
generator,PLTBm_PT_Harjohn_Timber,109.447,-0.179,,5,Biomass,,substation,GI_Sei_Raya,109.3809,-0.0735,8
generator,PLTD_Dusun_Besar,109.461,-1.11,,1.196,Oil,,substation,GI_Sei_Raya,109.3809,-0.0735,8
generator,PLTD_Bengkayang,109.477,0.819,,0.5,Oil,,substation,GI_Bengkayang,109.4967,0.9056,11
substation,GITET_Bengkayang,109.4966,0.9066,12,,,275,#VALUE!,,,,
substation,GI_Bengkayang,109.4967,0.9056,11,,,150,#VALUE!,,,,
generator,PLTD_Batu_Ampar,109.537,0.749,,0.576,Oil,,substation,GI_Bengkayang,109.4967,0.9056,11
generator,PLTS_Temajuk,109.597,2.007,,0.08,Solar,,substation,GI_Bengkayang,109.4967,0.9056,11
generator,PLTD_Temajuk,109.602,1.997,,0.75,Oil,,substation,GI_Bengkayang,109.4967,0.9056,11
generator,PLTMH_Sajingan,109.643,1.62,,0.225,Run_of_River,,substation,GI_Bengkayang,109.4967,0.9056,11
generator,PLTMH_Serawak_Energi_BHD_Sajingan_(B),109.68,1.609,,0.8,Run_of_River,,substation,GI_Bengkayang,109.4967,0.9056,11
generator,PLTD_Tanjung_Satai,109.682,-1.208,,1.084,Oil,,substation,GI_Tayan,110.0932,0.0015,9
generator,PLTMH_Merasap,109.744,1.124,,1.5,Run_of_River,,substation,GI_Bengkayang,109.4967,0.9056,11
generator,PLTD_Pulau_Limbung,109.859,-0.268,,0.44,Oil,,substation,GI_Tayan,110.0932,0.0015,9
generator,PLTS_Pulau_Limbung,109.859,-0.268,,0.06,Solar,,substation,GI_Tayan,110.0932,0.0015,9
generator,PLTD_Ngabang,109.864,0.386,,1.72,Oil,,substation,GI_Bengkayang,109.4967,0.9056,11
generator,PLTU_Ketapang_#01,109.942,-1.782,,10,Coal,,substation,GI_Tayan,110.0932,0.0015,9
generator,PLTU_Ketapang_#02,109.942,-1.782,,10,Coal,,substation,GI_Tayan,110.0932,0.0015,9
generator,PLTD_Teluk_Melano,109.951,-1.135,,7.98,Oil,,substation,GI_Tayan,110.0932,0.0015,9
generator,PLTU_Tembilok_(IPP_Ketapang)_#01,109.952,-1.782,,7.5,Coal,,substation,GI_Tayan,110.0932,0.0015,9
generator,PLTU_Tembilok_(IPP_Ketapang)_#02,109.952,-1.782,,7.5,Coal,,substation,GI_Tayan,110.0932,0.0015,9
generator,PLTBm_PT_Alas_Kusuma,109.972,-1.782,,3.5,Biomass,,substation,GI_Tayan,110.0932,0.0015,9
generator,PLTD_Sukaharja,109.977,-1.802,,14.799,Oil,,substation,GI_Tayan,110.0932,0.0015,9
substation,GI_Ngabang,110.001,0.3534,10,,,150,#VALUE!,,,,
generator,PLTD_Cempaka_Putih,110.057,1.073,,0.28,Oil,,substation,GI_Ngabang,110.001,0.3534,10
generator,PLTS_Sidding,110.071,1.252,,0.04,Solar,,substation,GI_Ngabang,110.001,0.3534,10
substation,GI_Tayan,110.0932,0.0015,9,,,150,#VALUE!,,,,
generator,PLTD_Teraju,110.104,-0.23,,0.368,Oil,,substation,GI_Tayan,110.0932,0.0015,9
generator,PLTD_Kendawangan_Kanan,110.207,-2.532,,0.823,Oil,,substation,GI_Tayan,110.0932,0.0015,9
generator,PLTD_Ulak_Medang,110.29,-1.678,,0.04,Oil,,substation,GI_Tayan,110.0932,0.0015,9
generator,PLTA_SESCO_275,110.35,1.354,,90,Run_of_River,,substation,GI_Ngabang,110.001,0.3534,10
generator,PLTMH_Serawak_Energi_BHD_Balai_Karangan_(B),110.355,0.988,,1.12,Run_of_River,,substation,GI_Ngabang,110.001,0.3534,10
generator,PLTD_Balai_Bekuak,110.369,-0.522,,3.009,Oil,,substation,GI_Tayan,110.0932,0.0015,9
generator,PLTD_Kuala_Buayan,110.382,0.106,,1.574,Oil,,substation,GI_Tayan,110.0932,0.0015,9
generator,PLTD_Sampurna,110.455,-1.184,,0.236,Oil,,substation,GI_Tayan,110.0932,0.0015,9
generator,PLTD_Aur_Kuning,110.486,-0.954,,2.755,Oil,,substation,GI_Tayan,110.0932,0.0015,9
generator,PLTD_Sandai,110.524,-1.234,,1.438,Oil,,substation,GI_Tayan,110.0932,0.0015,9
generator,PLTU_Sanggau_#01,110.556,0.03,,7,Coal,,substation,GI_Tayan,110.0932,0.0015,9
generator,PLTU_Sanggau_#02,110.556,0.03,,7,Coal,,substation,GI_Tayan,110.0932,0.0015,9
generator,PLTD_Semboja,110.56,0.135,,6,Oil,,substation,GI_Ngabang,110.001,0.3534,10
generator,PLTD_Nanga_Tayap,110.563,-1.516,,0.75,Oil,,substation,GI_Tayan,110.0932,0.0015,9
generator,PLTD_Kantuk,110.607,0.124,,0.14,Oil,,substation,GI_Ngabang,110.001,0.3534,10
generator,PLTD_Tumbang_Titi,110.611,-1.846,,1.35,Oil,,substation,GI_Tayan,110.0932,0.0015,9
generator,PLTD_Air_Hitam,110.625,-2.793,,1.05,Oil,,substation,GI_Tayan,110.0932,0.0015,9
generator,PLTD_Marau,110.708,-2.125,,0.246,Oil,,substation,GI_Tayan,110.0932,0.0015,9
generator,PLTD_Kuala_Jelai,110.739,-2.985,,0.92,Oil,,substation,GI_Tayan,110.0932,0.0015,9
generator,PLTD_Air_Upas,110.8,-2.303,,0.695,Oil,,substation,GI_Tayan,110.0932,0.0015,9
generator,PLTD_Balai_Karangan,110.828,0.435,,4.69,Oil,,substation,GI_Ngabang,110.001,0.3534,10
generator,PLTD_Sekadau,110.89,0.021,,2.345,Oil,,substation,GI_Tayan,110.0932,0.0015,9
generator,PLTMH_Batu_Menang,110.959,-1.984,,0.1,Run_of_River,,substation,GI_Tayan,110.0932,0.0015,9
generator,PLTD_Manis_Mata,111.028,-2.448,,0.232,Oil,,substation,GI_Ngabang,110.001,0.3534,10
generator,PLTD_Senaning,111.032,0.908,,0.488,Oil,,substation,GI_Ngabang,110.001,0.3534,10
generator,PLTD_Kudangan,111.043,-1.61,,0.29,Oil,,substation,GI_Tayan,110.0932,0.0015,9
generator,PLTD_Sinar_Pekayau,111.082,0.333,,0.505,Oil,,substation,GI_Ngabang,110.001,0.3534,10
generator,PLTD_Jasa,111.148,1.004,,0.306,Oil,,substation,GI_Ngabang,110.001,0.3534,10
generator,PLTD_Sukamara_#03_(MWM),111.164,-2.717,,0.22,Oil,,substation,GI_Pangkalanbun,111.7037,-2.6152,13
generator,PLTD_Sukamara_#04_(DEUTZ),111.164,-2.717,,0.24,Oil,,substation,GI_Pangkalanbun,111.7037,-2.6152,13
generator,PLTD_Sukamara_#05_(DEUTZ_AG),111.164,-2.717,,0.7,Oil,,substation,GI_Pangkalanbun,111.7037,-2.6152,13
generator,PLTD_Sukamara_#06_(MTU),111.164,-2.717,,0.528,Oil,,substation,GI_Pangkalanbun,111.7037,-2.6152,13
generator,PLTD_Sukamara_#07_(MITSUBITSI),111.164,-2.717,,1.33,Oil,,substation,GI_Pangkalanbun,111.7037,-2.6152,13
generator,PLTD_Sukamara_#08_(MITSUBITSI),111.164,-2.717,,1.33,Oil,,substation,GI_Pangkalanbun,111.7037,-2.6152,13
generator,PLTD_Sukamara_#09_(MITSUBITSI),111.164,-2.717,,1.33,Oil,,substation,GI_Pangkalanbun,111.7037,-2.6152,13
generator,PLTD_Sukamara_#01_(MAN),111.164,-2.717,,0.536,Oil,,substation,GI_Pangkalanbun,111.7037,-2.6152,13
generator,PLTD_Sukamara_#02_(MAN),111.164,-2.717,,0.536,Oil,,substation,GI_Pangkalanbun,111.7037,-2.6152,13
generator,PLTD_Balai_Riam,111.182,-2.992,,0.54,Oil,,substation,GI_Pangkalanbun,111.7037,-2.6152,13
generator,PLTD_Balai_Sepuak,111.206,0.442,,0.996,Oil,,substation,GI_Ngabang,110.001,0.3534,10
generator,PLTD_Kartamulia_Sukamara_Mitsubishi_Unit_78,111.211,-2.685,,2.66,Oil,,substation,GI_Pangkalanbun,111.7037,-2.6152,13
generator,PLTD_Belitang,111.24,0.131,,3.3,Oil,,substation,GI_Ngabang,110.001,0.3534,10
generator,PLTD_Tapin_Bini,111.317,-1.892,,11.65,Oil,,substation,GI_Pangkalanbun,111.7037,-2.6152,13
generator,PLTU_Sintang_#01,111.434,0.074,,9,Coal,,substation,GI_Ngabang,110.001,0.3534,10
generator,PLTU_Sintang_#02,111.434,0.074,,9,Coal,,substation,GI_Ngabang,110.001,0.3534,10
generator,PLTU_Sintang_#03,111.434,0.074,,9,Coal,,substation,GI_Ngabang,110.001,0.3534,10
generator,PLTD_Rayon_Nanga_Bulik,111.469,-2.187,,10.848,Oil,,substation,GI_Pangkalanbun,111.7037,-2.6152,13
generator,PLTD_Simpang_Sepaku_Mitsubishi_Unit_9,111.502,-2.209,,1.33,Oil,,substation,GI_Pangkalanbun,111.7037,-2.6152,13
generator,PLTD_Simpang_Sepaku_Mitsubishi_Unit_56,111.503,-2.209,,2.66,Oil,,substation,GI_Pangkalanbun,111.7037,-2.6152,13
generator,PLTD_Menyurai,111.511,0.086,,12.21,Oil,,substation,GI_Ngabang,110.001,0.3534,10
generator,PLTD_Nanga_Merakai,111.517,0.688,,0.6,Oil,,substation,GI_Ngabang,110.001,0.3534,10
generator,PLTD_Kota_Baru,111.542,-0.8,,0.331,Oil,,substation,GI_Tayan,110.0932,0.0015,9
generator,PLTD_Ketungau,111.62,0.357,,0.213,Oil,,substation,GI_Ngabang,110.001,0.3534,10
generator,PLTD_Nanga_Lebang,111.644,0.218,,0.218,Oil,,substation,GI_Ngabang,110.001,0.3534,10
generator,PLTD_Nanga_Sayan,111.676,-0.714,,1.029,Oil,,substation,GI_Pangkalanbun,111.7037,-2.6152,13
generator,PLTD_Kayan,111.69,-0.172,,0.337,Oil,,substation,GI_Tayan,110.0932,0.0015,9
generator,PLTD_Mentobi_Raya,111.694,-1.986,,1.7,Oil,,substation,GI_Pangkalanbun,111.7037,-2.6152,13
generator,PLTU_Pangkalan_Bun_(PT._Eksploitasi_Energi_Indonesia),111.703,-2.771,,14,Coal,,substation,GI_Pangkalanbun,111.7037,-2.6152,13
substation,GI_Pangkalanbun,111.7037,-2.6152,13,,,150,#VALUE!,,,,
generator,PLTD_Sidomulyo_Pinoh,111.707,-0.342,,0.576,Oil,,substation,GI_Tayan,110.0932,0.0015,9
generator,PLTD_Kumai,111.728,-2.725,,11,Oil,,substation,GI_Pangkalanbun,111.7037,-2.6152,13
generator,PLTD_Pangkalan_Bun,111.731,-2.73,,7.12,Oil,,substation,GI_Pangkalanbun,111.7037,-2.6152,13
generator,PLTD_Sewa_PGL_Pangkalan_Bun,111.731,-2.73,,4,Oil,,substation,GI_Pangkalanbun,111.7037,-2.6152,13
generator,PLTD_Sewa_Kaltimex_Pangkalan_Bun,111.731,-2.73,,14,Oil,,substation,GI_Pangkalanbun,111.7037,-2.6152,13
generator,PLTD_Kalan,111.741,-0.336,,0.17,Oil,,substation,GI_Tayan,110.0932,0.0015,9
generator,PLTD_Bora,111.764,-0.628,,1.078,Oil,,substation,GI_Tayan,110.0932,0.0015,9
generator,PLTMH_Bora,111.775,-0.633,,0.2,Run_of_River,,substation,GI_Tayan,110.0932,0.0015,9
generator,PLTD_Nanga_Silat,111.788,0.343,,0.748,Oil,,substation,GI_Tayan,110.0932,0.0015,9
generator,PLTD_Kenambui,111.792,-2.476,,0.12,Oil,,substation,GI_Pangkalanbun,111.7037,-2.6152,13
generator,PLTD_Sewa_UPM_Pangkalan_Banteng,111.824,-2.607,,2.5,Oil,,substation,GI_Pangkalanbun,111.7037,-2.6152,13
generator,PLTBm_Korintiga_Hutani,111.824,-2.607,,3,Biomass,,substation,GI_Pangkalanbun,111.7037,-2.6152,13
generator,PLTMH_Serawak_Energi_BHD_Badau_(B),111.872,1.033,,0.32,Run_of_River,,substation,GI_Pangkalanbun,111.7037,-2.6152,13
generator,PLTD_Seberuang,111.888,0.465,,0.162,Oil,,substation,GI_Pangkalanbun,111.7037,-2.6152,13
generator,PLTD_Badau,111.903,1.044,,2.085,Oil,,substation,GI_Pangkalanbun,111.7037,-2.6152,13
generator,PLTD_Pangkut,111.92,-2.192,,0.8,Oil,,substation,GI_Pangkalanbun,111.7037,-2.6152,13
generator,PLTD_Tumbang_Manjul,111.928,-1.301,,0.498,Oil,,substation,GI_Pangkalanbun,111.7037,-2.6152,13
generator,PLTD_Semitau,111.96,0.543,,4.748,Oil,,substation,GI_Pangkalanbun,111.7037,-2.6152,13
generator,PLTBm_Kotawaringin_Barat,111.967,-2.052,,10,Biomass,,substation,GI_Pangkalanbun,111.7037,-2.6152,13
generator,PLTD_Pulau_Majang,111.994,0.901,,0.156,Oil,,substation,GI_Pangkalanbun,111.7037,-2.6152,13
generator,PLTD_Nanga_Ella,112.003,-0.398,,1.445,Oil,,substation,GI_Pangkalanbun,111.7037,-2.6152,13
generator,PLTD_ULD_Tewah,112.122,-1.936,,1.584,Oil,,substation,GI_Sampit,112.9207,-2.4816,14
generator,PLTD_Belikai,112.137,0.33,,0.3,Oil,,substation,GI_Sampit,112.9207,-2.4816,14
generator,PLTD_Nibung,112.178,0.334,,0.08,Oil,,substation,GI_Sampit,112.9207,-2.4816,14
generator,PLTD_Tebidah,112.184,0.252,,0.36,Oil,,substation,GI_Sampit,112.9207,-2.4816,14
generator,PLTD_Rantau_Pulut,112.186,-2.048,,0.96,Oil,,substation,GI_Sampit,112.9207,-2.4816,14
generator,PLTD_Sukamandang,112.186,-2.048,,1.1,Oil,,substation,GI_Sampit,112.9207,-2.4816,14
generator,PLTD_Tontang,112.223,-0.269,,0.216,Oil,,substation,GI_Sampit,112.9207,-2.4816,14
generator,PLTD_Manukung,112.227,-0.418,,0.232,Oil,,substation,GI_Sampit,112.9207,-2.4816,14
generator,PLTD_Lanjak,112.238,1.034,,0.66,Oil,,substation,GI_Sampit,112.9207,-2.4816,14
generator,PLTD_Telaga_Pulang,112.27,-2.864,,0.45,Oil,,substation,GI_Sampit,112.9207,-2.4816,14
generator,PLTD_Jongkong,112.278,0.665,,1.39,Oil,,substation,GI_Sampit,112.9207,-2.4816,14
generator,PLTD_Tepuai,112.303,0.37,,3.99,Oil,,substation,GI_Sampit,112.9207,-2.4816,14
generator,PLTD_Ujung_Said,112.378,0.67,,0.496,Oil,,substation,GI_Sampit,112.9207,-2.4816,14
generator,PLTD_ULD_Tumbang_Senamang,112.425,-1.161,,0.46,Oil,,substation,GI_Sampit,112.9207,-2.4816,14
generator,PLTD_Serawai,112.439,-0.331,,1.896,Oil,,substation,GI_Sampit,112.9207,-2.4816,14
generator,PLTBg_Sukajadi_Sawit_Mekar,112.455,-2.399,,2.4,Biogas,,substation,GI_Sampit,112.9207,-2.4816,14
generator,PLTD_Ulak_Pauk,112.491,1.062,,0.238,Oil,,substation,GI_Sampit,112.9207,-2.4816,14
generator,PLTBg_Maju_Aneka_Sawit,112.542,-2.38,,1,Biogas,,substation,GI_Sampit,112.9207,-2.4816,14
generator,PLTD_Kuala_Pembuang_#01_(MWM),112.545,-3.39,,0.22,Oil,,substation,GI_Sampit,112.9207,-2.4816,14
generator,PLTD_Kuala_Pembuang_#05_(MITSUBISHI),112.545,-3.39,,1.33,Oil,,substation,GI_Sampit,112.9207,-2.4816,14
generator,PLTD_Kuala_Pembuang_#06_(MITSUBISIH),112.545,-3.39,,1.33,Oil,,substation,GI_Sampit,112.9207,-2.4816,14
generator,PLTD_Kuala_Pembuang_#07_(MITSUBISHI),112.545,-3.39,,1.33,Oil,,substation,GI_Sampit,112.9207,-2.4816,14
generator,PLTD_Kuala_Pembuang_#08_(MITSUBISHI),112.545,-3.39,,1.33,Oil,,substation,GI_Sampit,112.9207,-2.4816,14
generator,PLTD_Kuala_Pembuang_#02_(DEUTZ_MWM),112.545,-3.39,,0.528,Oil,,substation,GI_Sampit,112.9207,-2.4816,14
generator,PLTD_Kuala_Pembuang_#03_(DEUTZ_MWM),112.545,-3.39,,0.528,Oil,,substation,GI_Sampit,112.9207,-2.4816,14
generator,PLTD_Kuala_Pembuang_#04_(DEUTZ_MWM),112.545,-3.39,,0.528,Oil,,substation,GI_Sampit,112.9207,-2.4816,14
generator,PLTD_Kuala_Pembuang_Unit_7,112.545,-3.39,,1.33,Oil,,substation,GI_Sampit,112.9207,-2.4816,14
generator,PLTD_Kuala_Pembuang_Unit_9,112.545,-3.39,,1,Oil,,substation,GI_Sampit,112.9207,-2.4816,14
generator,PLTBg_Unggul_Lestari,112.598,-1.596,,1,Biogas,,substation,GI_Sampit,112.9207,-2.4816,14
generator,PLTD_Embaloh,112.602,0.831,,0.601,Oil,,substation,GI_Sampit,112.9207,-2.4816,14
generator,PLTD_UPM_Parenggean,112.653,-1.881,,2.5,Oil,,substation,GI_Sampit,112.9207,-2.4816,14
generator,PLTD_Bunut,112.655,0.528,,0.57,Oil,,substation,GI_Sampit,112.9207,-2.4816,14
generator,PLTD_ULD_Tumbang_Hiran,112.691,-1.188,,0.56,Oil,,substation,GI_Sampit,112.9207,-2.4816,14
generator,PLTD_Kemangai,112.71,-0.243,,0.216,Oil,,substation,GI_Sampit,112.9207,-2.4816,14
generator,PLTD_Piasak,112.723,0.659,,0.222,Oil,,substation,GI_Sampit,112.9207,-2.4816,14
substation,GI_PLTU_Sampit,112.9101,-2.7625,15,,,150,#VALUE!,,,,
substation,GI_Sampit,112.9207,-2.4816,14,,,150,#VALUE!,,,,
generator,PLTD_Sawai,112.927,0.885,,12.485,Oil,,substation,GI_Kasongan,113.4337,-1.9002,16
generator,PLTD_Rayon_Sampit,112.969,-2.516,,3.88,Oil,,substation,GI_Palangkaraya,113.8739,-2.1748,17
generator,PLTD_Sewa_Kaltimex_Sampit,112.97,-2.516,,8,Oil,,substation,GI_Palangkaraya,113.8739,-2.1748,17
generator,PLTD_ULD_Tumbang_Kaman,113.093,-1.346,,1.22,Oil,,substation,GI_Kasongan,113.4337,-1.9002,16
generator,PLTD_Nanga_Erak,113.154,0.372,,0.57,Oil,,substation,GI_Kasongan,113.4337,-1.9002,16
generator,PLTD_Mendawai,113.269,-2.989,,1.352,Oil,,substation,GI_Palangkaraya,113.8739,-2.1748,17
generator,PLTD_ULD_Telaga,113.33,-2.421,,0.12,Oil,,substation,GI_Palangkaraya,113.8739,-2.1748,17
generator,PLTD_Pagatan,113.33,-3.256,,5,Oil,,substation,GI_Palangkaraya,113.8739,-2.1748,17
generator,PLTD_ULD_Tumbang_Talaken,113.378,-1.361,,1,Oil,,substation,GI_Kasongan,113.4337,-1.9002,16
substation,GI_Kasongan,113.4337,-1.9002,16,,,150,#VALUE!,,,,
generator,PLTD_ULD_Tumbang_Miri,113.55,-0.916,,1.06,Oil,,substation,GI_Kasongan,113.4337,-1.9002,16
generator,PLTU_Kalselteng_1_(PT._SKS_Listrik_Kalimantan)_#01,113.567,-1.374,,115.034,Coal,,substation,GI_Kasongan,113.4337,-1.9002,16
generator,PLTU_Kalselteng_1_(PT._SKS_Listrik_Kalimantan)_#02,113.567,-1.374,,115.034,Coal,,substation,GI_Kasongan,113.4337,-1.9002,16
generator,PLTD_ULD_Tumbang_Jutuh,113.572,-1.289,,2.1,Oil,,substation,GI_Kasongan,113.4337,-1.9002,16
generator,PLTD_Sebangau,113.639,-3.148,,0.44,Oil,,substation,GI_Palangkaraya,113.8739,-2.1748,17
generator,PLTD_ULD_Tumbang_Tambirah,113.823,-1.065,,0.16,Oil,,substation,GI_Kasongan,113.4337,-1.9002,16
generator,PLTD_ULD_Tumbang_Miwan,113.872,-1.217,,0.616,Oil,,substation,GI_Kasongan,113.4337,-1.9002,16
generator,PLTD_Kuala_Kurun_#03_MITSUBISHI),113.872,-1.117,,1.33,Oil,,substation,GI_Kasongan,113.4337,-1.9002,16
generator,PLTD_Kuala_Kurun_#04_MITSUBISHI),113.872,-1.117,,1.33,Oil,,substation,GI_Kasongan,113.4337,-1.9002,16
generator,PLTD_Kuala_Kurun_#05_MITSUBISHI),113.872,-1.117,,1.33,Oil,,substation,GI_Kasongan,113.4337,-1.9002,16
generator,PLTD_Kuala_Kurun_Unit_2-3,113.872,-1.117,,2.66,Oil,,substation,GI_Kasongan,113.4337,-1.9002,16
generator,PLTD_Kuala_Kurun_Unit_4,113.872,-1.117,,1.33,Oil,,substation,GI_Kasongan,113.4337,-1.9002,16
generator,PLTD_Kuala_Kurun_#01_(MWM),113.873,-1.117,,0.22,Oil,,substation,GI_Kasongan,113.4337,-1.9002,16
generator,PLTD_Kuala_Kurun_#02_(DEUTZ_MWM),113.873,-1.117,,0.528,Oil,,substation,GI_Kasongan,113.4337,-1.9002,16
substation,GI_Palangkaraya,113.8739,-2.1748,17,,,150,#VALUE!,,,,
generator,PLTD_Kahayan/Area_Palangka_Raya,113.874,-1.827,,17.45,Oil,,substation,GI_Palangkaraya,113.8739,-2.1748,17
substation,GI_Sebangau,113.9302,-2.2748,18,,,150,#VALUE!,,,,
generator,PLTD_Sungai_Hanyu,114.016,-0.927,,0.38,Oil,,substation,GI_Sebangau,113.9302,-2.2748,18
substation,GI_S_Mintin,114.2086,-2.8214,20,,,150,#VALUE!,,,,
generator,PLTU_Pulang_Pisau_#01,114.209,-2.823,,60,Coal,,substation,GI_S_Mintin,114.2086,-2.8214,20
generator,PLTU_Pulang_Pisau_#02,114.209,-2.823,,60,Coal,,substation,GI_S_Mintin,114.2086,-2.8214,20
substation,GI_Pulau_Pisang,114.2547,-2.7316,19,,,150,#VALUE!,,,,
generator,PLTD_Tumbang_Lahung,114.302,-0.695,,0.38,Oil,,substation,GI_Pulau_Pisang,114.2547,-2.7316,19
generator,PLTD_Pujon,114.364,-1.349,,0.981,Oil,,substation,GI_Pulau_Pisang,114.2547,-2.7316,19
substation,GI_Selat,114.3736,-3.0121,21,,,150,#VALUE!,,,,
generator,PLTD_Kuala_Kapuas,114.374,-3.012,,6,Oil,,substation,GI_Selat,114.3736,-3.0121,21
generator,PLTD_Timpah,114.479,-1.719,,1.108,Oil,,substation,GI_Selat,114.3736,-3.0121,21
generator,PLTD_Long_Apari,114.534,0.812,,0.64,Oil,,substation,GI_Selat,114.3736,-3.0121,21
substation,GI_Seberang_Barito,114.5522,-3.2767,22,,,150,#VALUE!,,,,
generator,PLTU_PT._Wijaya_Triutama_Plywood_Industri,114.562,-3.336,,45,Coal,,substation,GI_Seberang_Barito,114.5522,-3.2767,22
generator,PLTG_Trisakti,114.57,-3.31,,21,Oil,,substation,GI_Seberang_Barito,114.5522,-3.2767,22
substation,GI_Trisakti,114.571,-3.3094,23,,,150,#VALUE!,,,,
generator,PLTD_Trisakti,114.572,-3.31,,54.2,Oil,,substation,GI_Trisakti,114.571,-3.3094,23
generator,PLTD_Puruk_Cahu,114.583,-0.583,,2.19,Oil,,substation,GI_Trisakti,114.571,-3.3094,23
substation,GI_Kayutangi,114.6205,-3.2304,33,,,150,#VALUE!,,,,
substation,GI_Mantuil,114.627,-3.4236,24,,,150,#VALUE!,,,,
generator,PLTD_Long_Pahangai,114.709,0.883,,0.6,Oil,,substation,GI_Kayutangi,114.6205,-3.2304,33
generator,PLTD_Muara_Laung,114.732,-0.599,,2.07,Oil,,substation,GI_Mantuil,114.627,-3.4236,24
substation,GI_Bandara,114.7553,-3.4725,30,,,150,#VALUE!,,,,
substation,GI_Pelaihari,114.7576,-3.7296,29,,,150,#VALUE!,,,,
generator,PLTD_Tumpung_Laung,114.816,-1.321,,1.04,Oil,,substation,GI_Bandara,114.7553,-3.4725,30
generator,PLTD_Buntok,114.822,-1.745,,4.01,Oil,,substation,GI_Pelaihari,114.7576,-3.7296,29
generator,PLTD_Tanjung_Jawa,114.835,-1.565,,0.22,Oil,,substation,GI_Pelaihari,114.7576,-3.7296,29
generator,PLTD_Babai,114.836,-1.954,,0.4,Oil,,substation,GI_Pelaihari,114.7576,-3.7296,29
substation,GI_Cempaka,114.8499,-3.4658,28,,,150,#VALUE!,,,,
generator,PLTD_Mangkatip,114.851,-2.224,,0.44,Oil,,substation,GI_Cempaka,114.8499,-3.4658,28
generator,PLTD_Teluk_Betung,114.863,-1.978,,0.26,Oil,,substation,GI_Cempaka,114.8499,-3.4658,28
substation,GI_Muara_Teweh,114.8658,-0.8672,37,,,150,#VALUE!,,,,
generator,PLTD_Damparan,114.868,-2.138,,0.44,Oil,,substation,GI_Cempaka,114.8499,-3.4658,28
generator,PLTD_Rangga_Ilung,114.871,-2.34,,0.5,Oil,,substation,GI_Cempaka,114.8499,-3.4658,28
generator,PLTD_Pendang,114.874,-1.506,,0.3,Oil,,substation,GI_Cempaka,114.8499,-3.4658,28
generator,PLTD_Muara_Teweh,114.883,-0.926,,8.81,Oil,,substation,GI_Muara_Teweh,114.8658,-0.8672,37
generator,PLTD_Merawan_Lama,114.884,-1.451,,0.28,Oil,,substation,GI_Cempaka,114.8499,-3.4658,28
generator,PLTD_Montalat,114.894,-1.323,,0.26,Oil,,substation,GI_Cempaka,114.8499,-3.4658,28
generator,PLTD_Kayan_Hulu,114.91,1.785,,1.275,Oil,,substation,GI_Cempaka,114.8499,-3.4658,28
generator,PLTD_Bundar,114.93,-1.478,,0.12,Oil,,substation,GI_Cempaka,114.8499,-3.4658,28
generator,PLTD_Luwe_Hulu,114.941,-0.795,,0.48,Oil,,substation,GI_Muara_Teweh,114.8658,-0.8672,37
generator,PLTD_Sabuh,114.976,-0.971,,0.22,Oil,,substation,GI_Muara_Teweh,114.8658,-0.8672,37
substation,GI_Buntok,114.9788,-1.7459,36,,,150,#VALUE!,,,,
generator,PLTD_Muara_Plantau,115.001,-1.939,,0.18,Oil,,substation,GI_Buntok,114.9788,-1.7459,36
generator,PLTA_IR._PM_Noor,115.008,-3.516,,30,Run_of_River,,substation,GI_Asam-asam,115.1049,-3.9253,25
generator,PLTD_Benangin,115.088,-0.978,,0.36,Oil,,substation,GI_Buntok,114.9788,-1.7459,36
substation,GI_Asam-asam,115.1049,-3.9253,25,,,150,#VALUE!,,,,
generator,PLTD_Asam_Asam,115.105,-3.925,,8.4,Oil,,substation,GI_Asam-asam,115.1049,-3.9253,25
generator,PLTU_Asam_Asam_#01,115.105,-3.927,,65,Coal,,substation,GI_Asam-asam,115.1049,-3.9253,25
generator,PLTU_Asam_Asam_#02,115.106,-3.926,,65,Coal,,substation,GI_Asam-asam,115.1049,-3.9253,25
generator,PLTU_Asam_Asam_#03,115.106,-3.926,,65,Coal,,substation,GI_Asam-asam,115.1049,-3.9253,25
generator,PLTU_Asam_Asam_#04,115.106,-3.926,,65,Coal,,substation,GI_Asam-asam,115.1049,-3.9253,25
generator,PLTD_Kandui,115.119,-1.257,,1.13,Oil,,substation,GI_Buntok,114.9788,-1.7459,36
substation,GI_Rantau,115.126,-3.0289,31,,,150,#VALUE!,,,,
generator,PLTU_Rimau_Electric,115.127,-2.018,,7,Coal,,substation,GI_Rantau,115.126,-3.0289,31
generator,PLTMG_Bangkanai_Blok_#01,115.137,-0.622,,39.076,Gas,,substation,GI_Rantau,115.126,-3.0289,31
generator,PLTMG_Bangkanai_Blok_#02,115.137,-0.623,,39.076,Gas,,substation,GI_Rantau,115.126,-3.0289,31
generator,PLTMG_Bangkanai_Blok_#03,115.137,-0.623,,39.076,Gas,,substation,GI_Rantau,115.126,-3.0289,31
generator,PLTMG_Bangkanai_Blok_#04,115.137,-0.623,,39.076,Gas,,substation,GI_Rantau,115.126,-3.0289,31
substation,GI_Bangkanai,115.1385,-0.6212,38,,,150,#VALUE!,,,,
generator,PLTD_ULD_Rantau_Bujur,115.199,-3.082,,0.42,Oil,,substation,GI_Bangkanai,115.1385,-0.6212,38
generator,PLTD_ULD_Benua_Riam,115.226,-3.094,,0.18,Oil,,substation,GI_Bangkanai,115.1385,-0.6212,38
generator,PLTD_Long_Bagun,115.237,0.226,,0.3,Oil,,substation,GI_Bangkanai,115.1385,-0.6212,38
generator,PLTD_Long_Bagun_Pemkab,115.257,0.206,,0.52,Oil,,substation,GI_Bangkanai,115.1385,-0.6212,38
generator,PLTD_Panangkalaan,115.262,-2.404,,8.534,Oil,,substation,GI_Amuntai,115.2949,-2.4171,34
substation,GI_Amuntai,115.2949,-2.4171,34,,,150,#VALUE!,,,,
substation,GI_Barikin,115.3276,-2.6843,32,,,150,#VALUE!,,,,
generator,PLTD_Barabai,115.376,-2.593,,6.672,Oil,,substation,GI_Barikin,115.3276,-2.6843,32
generator,PLTU_Kalsel-1_(PT._Tanjung_Power_Indonesia)_#01,115.442,-2.162,,115,Coal,,substation,GI_Tanjung,115.4505,-2.1953,35
generator,PLTU_Kalsel-1_(PT._Tanjung_Power_Indonesia)_#02,115.443,-2.162,,115,Coal,,substation,GI_Tanjung,115.4505,-2.1953,35
generator,PLTU_PT._Makmur_Sejahtera_Wisesa,115.445,-2.158,,60,Coal,,substation,GI_Tanjung,115.4505,-2.1953,35
generator,PLTD_Maburai,115.45,-2.195,,1.88,Oil,,substation,GI_Tanjung,115.4505,-2.1953,35
substation,GI_Tanjung,115.4505,-2.1953,35,,,150,#VALUE!,,,,
generator,PLTD_Datah_Bilang,115.464,0.226,,0.54,Oil,,substation,GI_Tanjung,115.4505,-2.1953,35
substation,GI_Satui,115.519,-3.7127,26,,,150,#VALUE!,,,,
generator,PLTU_PT._Conch_South_Kalimantan_Cement_(SKC),115.57,-2.063,,15,Coal,,substation,GI_Satui,115.519,-3.7127,26
generator,PLTD_Gunung_Purei_Unit_123,115.62,-1.133,,0.38,Oil,,substation,GI_Satui,115.519,-3.7127,26
generator,PLTD_Long_Iram,115.633,0.013,,1.44,Oil,,substation,GI_Satui,115.519,-3.7127,26
generator,PLTD_Long_Iram_Pemkab,115.633,0.013,,0.5,Oil,,substation,GI_Satui,115.519,-3.7127,26
generator,PLTD_Krayan,115.7,3.883,,0.8,Oil,,substation,GI_Muara_Komam,115.8694,-1.828,39
generator,PLTMH_Krayan_Pemkab,115.7,3.883,,0.08,Run_of_River,,substation,GI_Muara_Komam,115.8694,-1.828,39
generator,PLTMH_Krayan,115.7,3.883,,0.16,Run_of_River,,substation,GI_Muara_Komam,115.8694,-1.828,39
generator,PLTD_Dilang_Putih,115.766,-0.717,,0.22,Oil,,substation,GI_Satui,115.519,-3.7127,26
generator,PLTBg_Suka_Damai,115.773,-3.341,,2.4,Biogas,,substation,GI_Satui,115.519,-3.7127,26
generator,PLTD_Sewa_Sentawar_Pemkab_Kubar,115.801,-0.242,,5.2,Oil,,substation,GI_Satui,115.519,-3.7127,26
generator,PLTD_Sentawar,115.801,-0.242,,24.61,Oil,,substation,GI_Satui,115.519,-3.7127,26
generator,PLTBg_Rea_Kaltim,115.801,-0.242,,2,Biogas,,substation,GI_Satui,115.519,-3.7127,26
generator,PLTD_Marabatuan,115.81,-4.369,,0.3,Oil,,substation,GI_Satui,115.519,-3.7127,26
generator,PLTD_Muara_Komam,115.812,-1.675,,2.79,Oil,,substation,GI_Satui,115.519,-3.7127,26
generator,PLTD_Kelumpang,115.823,-0.173,,0.12,Oil,,substation,GI_Satui,115.519,-3.7127,26
generator,PLTD_Melak,115.831,-0.212,,24.61,Oil,,substation,GI_Satui,115.519,-3.7127,26
generator,PLTD_Melak_Sewatama,115.831,-0.212,,4,Oil,,substation,GI_Satui,115.519,-3.7127,26
generator,PLTD_Melak_Pemkab,115.832,-0.212,,5.2,Oil,,substation,GI_Satui,115.519,-3.7127,26
generator,PLTD_Melak_Kaltimex,115.832,-0.212,,6,Oil,,substation,GI_Satui,115.519,-3.7127,26
substation,GI_Muara_Komam,115.8694,-1.828,39,,,150,#VALUE!,,,,
generator,PLTD_Batu_Sopang,115.912,-1.82,,8.4,Oil,,substation,GI_Muara_Komam,115.8694,-1.828,39
generator,PLTD_Tabisaq,115.921,-0.497,,0.52,Oil,,substation,GI_Muara_Komam,115.8694,-1.828,39
generator,PLTD_Tabang,115.927,0.673,,0.53,Oil,,substation,GI_Muara_Komam,115.8694,-1.828,39
substation,GI_Batulicin,115.9862,-3.4822,27,,,150,#VALUE!,,,,
generator,PLTD_Sengayam,115.995,-2.367,,1.78,Oil,,substation,GI_Batulicin,115.9862,-3.4822,27
generator,PLTU_Dua_Samudera_Perkasa_(DSP),116.029,-3.309,,6,Coal,,substation,GI_Batulicin,115.9862,-3.4822,27
generator,PLTD_Lontar,116.064,-3.978,,2.62,Oil,,substation,GI_Batulicin,115.9862,-3.4822,27
generator,PLTD_Muara_Pahu,116.064,-0.325,,0.8,Oil,,substation,GI_Batulicin,115.9862,-3.4822,27
generator,PLTD_Kerang,116.082,-2.239,,0.96,Oil,,substation,GI_Batulicin,115.9862,-3.4822,27
generator,PLTD_Semaras,116.082,-3.823,,0.15,Oil,,substation,GI_Batulicin,115.9862,-3.4822,27
substation,GI_Kuaro,116.0945,-1.8032,40,,,150,#VALUE!,,,,
generator,PLTU_PT._Indocement_Tunggal_Perkasa,116.108,-3.273,,55,Coal,,substation,GI_Kuaro,116.0945,-1.8032,40
generator,PLTU_PT._Smart_Tarjun_Refinery,116.119,-3.271,,3.2,Coal,,substation,GI_Kuaro,116.0945,-1.8032,40
generator,PLTD_Long_Beluah,116.121,2.738,,0.5,Oil,,substation,GI_Kuaro,116.0945,-1.8032,40
generator,PLTD_Tanjung_Isuy,116.14,-0.514,,1.88,Oil,,substation,GI_Kuaro,116.0945,-1.8032,40
generator,PLTD_Sei_Durian,116.162,-2.509,,1.09,Oil,,substation,GI_Kuaro,116.0945,-1.8032,40
substation,GI_Grogot,116.1656,-1.8984,41,,,150,#VALUE!,,,,
generator,PLTD_Kerumputan,116.172,-4.049,,0.46,Oil,,substation,GI_Grogot,116.1656,-1.8984,
generator,PLTD_Tanah_Grogot,116.18,-1.888,,3.19,Oil,,substation,GI_Grogot,116.1656,-1.8984,
generator,PLTD_Sampanahan,116.187,-2.641,,1.77,Oil,,substation,GI_Grogot,116.1656,-1.8984,
generator,PLTD_Bakau,116.196,-2.443,,0.46,Oil,,substation,GI_Grogot,116.1656,-1.8984,
generator,PLTD_Kerasian,116.203,-4.027,,0.33,Oil,,substation,GI_Grogot,116.1656,-1.8984,
generator,PLTD_Geronggang,116.207,-2.857,,1.85,Oil,,substation,GI_Grogot,116.1656,-1.8984,
generator,PLTD_Kerayaan,116.207,-4.091,,0.61,Oil,,substation,GI_Grogot,116.1656,-1.8984,
generator,PLTD_Kotabaru,116.212,-3.254,,15.47,Oil,,substation,GI_Grogot,116.1656,-1.8984,
generator,PLTD_Sewa_Kaltimex_Kotabaru,116.212,-3.254,,5.1,Oil,,substation,GI_Grogot,116.1656,-1.8984,
generator,PLTD_Tanjung_Batu,116.222,-3.005,,1,Oil,,substation,GI_Grogot,116.1656,-1.8984,
generator,PLTD_Penyinggahan,116.223,-0.387,,0.56,Oil,,substation,GI_Grogot,116.1656,-1.8984,
generator,PLTD_Mara,116.239,2.75,,0.5,Oil,,substation,GI_Grogot,116.1656,-1.8984,
generator,PLTD_Jantur,116.29,-0.42,,0.724,Oil,,substation,GI_Grogot,116.1656,-1.8984,
generator,PLTD_Gn._Batu_Besar,116.294,-2.622,,0.51,Oil,,substation,GI_Grogot,116.1656,-1.8984,
generator,PLTD_Muara_Kedang,116.298,-0.567,,0.42,Oil,,substation,GI_Grogot,116.1656,-1.8984,
generator,PLTD_Tanjung_Seloka,116.306,-3.9,,1.75,Oil,,substation,GI_Grogot,116.1656,-1.8984,
generator,PLTD_Mulyaharja,116.322,-2.35,,0.43,Oil,,substation,GI_Longikis,116.3231,-1.5161,42
substation,GI_Longikis,116.3231,-1.5161,42,,,150,#VALUE!,,,,
generator,PLTD_Muara_Aloh,116.352,-0.432,,0.16,Oil,,substation,GI_Longikis,116.3231,-1.5161,42
generator,PLTD_Gemar_Baru,116.376,0.801,,0.48,Oil,,substation,GI_Longikis,116.3231,-1.5161,42
generator,PLTD_Gemar_Baru_Pemkab,116.376,0.801,,0.2,Oil,,substation,GI_Longikis,116.3231,-1.5161,42
generator,PLTD_Sei_Bali,116.407,-3.408,,1.67,Oil,,substation,GI_Longikis,116.3231,-1.5161,42
generator,PLTD_Tanjung_Samalantakan,116.415,-2.566,,0.49,Oil,,substation,GI_Longikis,116.3231,-1.5161,42
generator,PLTD_Semayang,116.452,-0.183,,0.18,Oil,,substation,GI_Longikis,116.3231,-1.5161,42
generator,PLTD_Muara_Muntai,116.474,-0.643,,1.5,Oil,,substation,GI_Longikis,116.3231,-1.5161,42
generator,PLTD_Lumbis_Ogong,116.548,3.93,,0.5,Oil,,substation,GI_Longikis,116.3231,-1.5161,42
generator,PLTS_Lumbis_Ogong_ESDM,116.548,3.93,,0.1,Solar,,substation,GI_Longikis,116.3231,-1.5161,42
generator,PLTD_Tanjung_Aru,116.584,-2.175,,0.4,Oil,,substation,GI_Longikis,116.3231,-1.5161,42
substation,GI_Kotabangun,116.5953,-0.2716,53,,,150,#VALUE!,,,,
generator,PLTD_Malinau,116.611,3.541,,10.64,Oil,,substation,GI_Malinau,116.6286,3.5114,60
generator,PLTD_Malinau_Pemkab,116.611,3.541,,7.672,Oil,,substation,GI_Malinau,116.6286,3.5114,60
generator,PLTD_Malinau_Kaltimex,116.611,3.541,,2,Oil,,substation,GI_Malinau,116.6286,3.5114,60
generator,PLTD_Senyiur,116.623,0.312,,0.48,Oil,,substation,GI_Kotabangun,116.5953,-0.2716,53
generator,PLTD_Senyiur_Pemkab,116.623,0.312,,0.4,Oil,,substation,GI_Kotabangun,116.5953,-0.2716,53
substation,GI_Malinau,116.6286,3.5114,60,,,150,#VALUE!,,,,
generator,PLTD_Muara_Siran,116.636,-0.128,,0.18,Oil,,substation,GI_Kotabangun,116.5953,-0.2716,53
generator,PLTD_Petung,116.67,-1.342,,5.812,Oil,,substation,GI_Kotabangun,116.5953,-0.2716,53
substation,GI_Petung,116.6719,-1.3408,43,,,150,#VALUE!,,,,
generator,PLTD_Muara_Bengkal,116.674,0.437,,4.548,Oil,,substation,GI_Malinau,116.6286,3.5114,60
generator,PLTD_Jenebora/Gresik,116.735,-1.186,,0.76,Oil,,substation,GI_Petung,116.6719,-1.3408,43
generator,PLTD_Long_Peso,116.781,2.691,,0.443,Oil,,substation,GI_Malinau,116.6286,3.5114,60
generator,PLTU_Teluk_Balikpapan_#01,116.789,-1.17,,110,Coal,,substation,GI_Petung,116.6719,-1.3408,43
generator,PLTU_Teluk_Balikpapan_#02,116.789,-1.17,,110,Coal,,substation,GI_Petung,116.6719,-1.3408,43
substation,GI_Kariangau,116.792,-1.1657,44,,,150,#VALUE!,,,,
generator,PLTU_Kariangau_(PT._Kariangau_Power)_#01,116.801,-1.199,,15,Coal,,substation,GI_Kariangau,116.792,-1.1657,44
generator,PLTU_Kariangau_(PT._Kariangau_Power)_#02,116.801,-1.199,,15,Coal,,substation,GI_Kariangau,116.792,-1.1657,44
generator,PLTD_Sedulang,116.811,-0.125,,0.44,Oil,,substation,GI_Kariangau,116.792,-1.1657,44
generator,PLTD_Long_Segar,116.821,0.798,,0.44,Oil,,substation,GI_Kariangau,116.792,-1.1657,44
generator,PLTD_Batu_Ampar,116.831,0.679,,0.4,Oil,,substation,GI_Industri,116.8411,-1.262,47
generator,PLTU_PT._Kalimantan_Powerindo,116.837,-0.32,,15,Coal,,substation,GI_Kariangau,116.792,-1.1657,44
generator,PLTD_Gunung_Malang,116.841,-1.263,,20.08,Oil,,#VALUE!,,,,
substation,GI_Industri,116.8411,-1.262,47,,,150,#VALUE!,,,,
substation,GI_Tideng_Pale,116.8411,3.5748,61,,,150,#VALUE!,,,,
generator,PLTD_Muara_Wahau,116.843,1.045,,6.894,Oil,,substation,GI_Industri,116.8411,-1.262,47
generator,PLTD_Muara_Wahau_Altrak,116.843,1.045,,3,Oil,,substation,GI_Industri,116.8411,-1.262,47
substation,GI_Karangjoang,116.8777,-1.1488,45,,,150,#VALUE!,,,,
generator,PLTD_CDE_Karang_Joang_(MFO),116.878,-1.149,,30,Oil,,substation,GI_Karangjoang,116.8777,-1.1488,45
generator,PLTD_KTT_Pemkab,116.933,3.608,,3.68,Oil,,substation,GI_Tideng_Pale,116.8411,3.5748,61
generator,PLTD_KTT,116.933,3.608,,3.81,Oil,,substation,GI_Tideng_Pale,116.8411,3.5748,61
substation,GI_Manggar_Sari,116.9488,-1.2383,46,,,150,#VALUE!,,,,
generator,PLTD_Batakan_Unit,116.951,-1.238,,12.16,Oil,,substation,GI_Manggar_Sari,116.9488,-1.2383,46
generator,PLTD_Cogindo_(MFO),116.951,-1.238,,40,Oil,,#VALUE!,,,,
substation,GI_Bukit_Biru,116.978,-0.456,52,,,150,#VALUE!,,,,
generator,PLTD_Tulin_Onsoi,116.992,4.18,,1,Oil,,substation,GI_Tideng_Pale,116.8411,3.5748,61
generator,PLTS_Tulin_Onsoi_ESDM,116.992,4.18,,0.1,Solar,,substation,GI_Tideng_Pale,116.8411,3.5748,61
generator,PLTD_Sebuku,117.023,4.063,,0.695,Oil,,substation,GI_Tideng_Pale,116.8411,3.5748,61
generator,PLTS_Sebuku_ESDM,117.023,4.063,,0.1,Solar,,substation,GI_Tideng_Pale,116.8411,3.5748,61
generator,PLTU_Rimba_Raya,117.035,-0.547,,7.5,Coal,,substation,GI_Bukit_Biru,116.978,-0.456,52
generator,PLTD_Atap,117.049,3.855,,0.3,Oil,,substation,GI_Tideng_Pale,116.8411,3.5748,61
generator,PLTGU_Tanjung_Batu_#01,117.051,-0.382,,20,Oil,,substation,GI_Bukit_Biru,116.978,-0.456,52
generator,PLTGU_Tanjung_Batu_#02,117.051,-0.381,,20,Oil,,substation,GI_Bukit_Biru,116.978,-0.456,52
generator,PLTGU_Tanjung_Batu_#03,117.051,-0.381,,20,Oil,,substation,GI_Bukit_Biru,116.978,-0.456,52
substation,GI_Embalut,117.0518,-0.3816,51,,,150,#VALUE!,,,,
generator,PLTG_Peaking_#01,117.052,-0.384,,70,Oil,,substation,GI_Embalut,117.0518,-0.3816,51
generator,PLTG_Peaking_#02,117.052,-0.384,,70,Oil,,substation,GI_Embalut,117.0518,-0.3816,51
generator,PLTU_Embalut_(PT._Cahaya_Fajar_Kaltim)_#01,117.062,-0.373,,25,Coal,,substation,GI_Embalut,117.0518,-0.3816,51
generator,PLTU_Embalut_(PT._Cahaya_Fajar_Kaltim)_#02,117.062,-0.373,,25,Coal,,substation,GI_Embalut,117.0518,-0.3816,51
generator,PLTU_Embalut_Ekspansi_(PT._Cahaya_Fajar_Kaltim),117.063,-0.373,,50,Coal,,substation,GI_Embalut,117.0518,-0.3816,51
generator,PLTU_Kaltim_4_(Ekspansi-2_Embalut)_#01,117.066,-0.364,,115,Coal,,substation,GI_Embalut,117.0518,-0.3816,51
generator,PLTU_Kaltim_4_(Ekspansi-2_Embalut)_#02,117.066,-0.364,,115,Coal,,substation,GI_Embalut,117.0518,-0.3816,51
generator,PLTD_Sekatak_Pemkab,117.07,3.307,,0.426,Oil,,substation,GI_Tideng_Pale,116.8411,3.5748,61
generator,PLTD_Sekatak,117.07,3.307,,0.6,Oil,,substation,GI_Tideng_Pale,116.8411,3.5748,61
generator,PLTU_Senoni_#01,117.093,-0.543,,7.5,Coal,,substation,GI_Harapan_Baru,117.1063,-0.547,49
generator,PLTU_Senoni_#02,117.093,-0.544,,7.5,Coal,,substation,GI_Harapan_Baru,117.1063,-0.547,49
substation,GI_Harapan_Baru,117.1063,-0.547,49,,,150,#VALUE!,,,,
substation,GI_Tengkawang,117.1136,-0.5024,50,,,150,#VALUE!,,,,
generator,PLTD_Karang_Asam,117.114,-0.502,,40,Oil,,substation,GI_Tengkawang,117.1136,-0.5024,50
generator,PLTD_Gunung_Sari,117.116,2.185,,0.57,Oil,,substation,GI_Tideng_Pale,116.8411,3.5748,61
generator,PLTBm_Gunung_Sari_HHM,117.117,2.185,,0.2,Biomass,,substation,GI_Tideng_Pale,116.8411,3.5748,61
generator,PLTD_Kledang,117.122,-0.523,,40.03,Oil,,substation,GI_Tengkawang,117.1136,-0.5024,50
generator,PLTG_Senipah_#01,117.135,-0.988,,46,Gas,,substation,GI_Tengkawang,117.1136,-0.5024,50
substation,GI_Senipah,117.135,-0.9869,48,,,150,#VALUE!,,,,
generator,PLTG_Senipah_#02,117.136,-0.987,,46,Gas,,substation,GI_Senipah,117.135,-0.9869,48
generator,PLTGU_Senipah_(ST),117.136,-0.987,,29.55,Gas,,substation,GI_Senipah,117.135,-0.9869,48
generator,PLTU_Mangkujenang,117.156,-0.539,,4,Coal,,substation,GI_Bukuan,117.193,-0.5832,54
substation,GI_Muara_Jawa,117.1886,-0.7806,55,,,150,#VALUE!,,,,
generator,PLTU_MT_Kaltim_(Muara_Jawa)_#01,117.189,-0.78,,33,Coal,,substation,GI_Muara_Jawa,117.1886,-0.7806,55
generator,PLTU_MT_Kaltim_(Muara_Jawa)_#02,117.189,-0.78,,33,Coal,,substation,GI_Muara_Jawa,117.1886,-0.7806,55
substation,GI_Bukuan,117.193,-0.5832,54,,,150,#VALUE!,,,,
substation,GI_Sambutan,117.2139,-0.5242,56,,,150,#VALUE!,,,,
generator,PLTD_Merasa,117.251,1.806,,0.28,Oil,,substation,GI_Sambutan,117.2139,-0.5242,56
generator,PLTG_Sambera_#01,117.291,-0.317,,20,Oil,,substation,GI_Muara_Badak,117.2925,-0.316,57
generator,PLTG_Sambera_#02,117.292,-0.317,,20,Oil,,substation,GI_Muara_Badak,117.2925,-0.316,57
substation,GI_Muara_Badak,117.2925,-0.316,57,,,150,substation,GI_Teluk_Pandan,117.435,0.1614,58
generator,PLTD_Seimenggaris,117.341,4.188,,0.6,Oil,,substation,GI_Teluk_Pandan,117.435,0.1614,58
generator,PLTS_Seimenggaris_ESDM,117.341,4.188,,0.1,Solar,,substation,GI_Teluk_Pandan,117.435,0.1614,58
generator,PLTMG_Tanjung_Selor_Unit_2,117.367,2.814,,8.912,Gas,,substation,GI_Teluk_Pandan,117.435,0.1614,58
generator,PLTMG_Tanjung_Selor_Unit_1,117.367,2.814,,8.912,Gas,,substation,GI_Teluk_Pandan,117.435,0.1614,58
generator,PLTD_Selor,117.386,2.832,,19.384,Oil,,substation,GI_Teluk_Pandan,117.435,0.1614,58
generator,PLTD_Selor_Sewatama,117.386,2.832,,2,Oil,,substation,GI_Teluk_Pandan,117.435,0.1614,58
generator,PLTD_Selor_Makro,117.386,2.832,,7.3,Oil,,substation,GI_Teluk_Pandan,117.435,0.1614,58
generator,PLTU_Tanjung_Redep_/_Berau_#02,117.393,2.156,,9.13,Coal,,substation,GI_Teluk_Pandan,117.435,0.1614,58
generator,PLTU_Tanjung_Redep_/_Berau_#01,117.393,2.156,,9.5,Coal,,substation,GI_Teluk_Pandan,117.435,0.1614,58
substation,GI_Teluk_Pandan,117.435,0.1614,58,,,150,#VALUE!,,,,
generator,PLTMG_Belimbing,117.451,0.166,,8,Gas,,substation,GI_Teluk_Pandan,117.435,0.1614,58
generator,PLTMG_Bontang_Wartsila_#01,117.454,0.137,,6.97,Gas,,substation,GI_Teluk_Pandan,117.435,0.1614,58
generator,PLTMG_MPP_Kaltim_#03,117.454,0.138,,9.78,Gas,,substation,GI_Teluk_Pandan,117.435,0.1614,58
generator,PLTMG_MPP_Kaltim_#04,117.454,0.138,,9.78,Gas,,substation,GI_Teluk_Pandan,117.435,0.1614,58
generator,PLTMG_MPP_Kaltim_#01,117.454,0.138,,9.78,Gas,,substation,GI_Teluk_Pandan,117.435,0.1614,58
generator,PLTMG_MPP_Kaltim_#02,117.454,0.138,,9.78,Gas,,substation,GI_Teluk_Pandan,117.435,0.1614,58
generator,PLTMG_Bontang_Wartsila_#02,117.454,0.137,,6.97,Gas,,substation,GI_Teluk_Pandan,117.435,0.1614,58
generator,PLTD_Bontang,117.459,0.145,,27.59,Oil,,substation,GI_Teluk_Pandan,117.435,0.1614,58
generator,PLTU_Kaltim_(FTP2)_Unit_1,117.492,0.054,,100,Coal,,substation,GI_Teluk_Pandan,117.435,0.1614,58
generator,PLTU_Kaltim_(FTP2)_Unit_2,117.492,0.055,,125,Coal,,substation,GI_Teluk_Pandan,117.435,0.1614,58
generator,PLTU_PT._Kaltim_Daya_Mandiri,117.497,0.175,,34,Coal,,substation,GI_Teluk_Pandan,117.435,0.1614,58
generator,PLTD_Sambaliung,117.511,2.158,,15.918,Oil,,substation,GI_Sangatta,117.5693,0.4701,59
generator,PLTD_Samabliung_Kaltimex,117.511,2.158,,3,Oil,,substation,GI_Sangatta,117.5693,0.4701,59
generator,PLTU_PT._Sumber_Alam_Sekurau_(SAS),117.521,2.794,,7.5,Coal,,substation,GI_Sangatta,117.5693,0.4701,59
generator,PLTD_Tanah_Merah,117.54,3.764,,0.43,Oil,,substation,GI_Sangatta,117.5693,0.4701,59
generator,PLTD_Sepaso,117.561,0.756,,4.49,Oil,,substation,GI_Teluk_Pandan,117.435,0.1614,58
generator,PLTD_Sepaso_Pemkab,117.561,0.756,,0.92,Oil,,substation,GI_Teluk_Pandan,117.435,0.1614,58
generator,PLTD_Muara_Pantuan,117.569,-0.58,,0.36,Oil,,substation,GI_Sambutan,117.2139,-0.5242,57
substation,GI_Sangatta,117.5693,0.4701,59,,,150,#VALUE!,,,,
generator,PLTS_Kayan_Hulu_ESDM,117.595,3.304,,0.1,Solar,,substation,GI_Sangatta,117.5693,0.4701,59
generator,PLTD_Tarakan,117.595,3.304,,15.264,Oil,,substation,GI_Sangatta,117.5693,0.4701,59
generator,PLTD_Sewa_Tarakan,117.595,3.303,,17,Oil,,substation,GI_Sangatta,117.5693,0.4701,59
generator,PLTMG_Gunung_Belah_#01,117.596,3.304,,6,Gas,,substation,GI_Sangatta,117.5693,0.4701,59
generator,PLTMG_Gunung_Belah_#02,117.596,3.304,,6,Gas,,substation,GI_Sangatta,117.5693,0.4701,59
generator,PLTG_PLN_Tarakan_#01,117.596,3.303,,15.7,Gas,,substation,GI_Sangatta,117.5693,0.4701,59
generator,PLTMG_PLN_Tarakan,117.596,3.303,,30,Gas,,substation,GI_Sangatta,117.5693,0.4701,59
generator,PLTG_PLN_Tarakan_#02,117.596,3.304,,23.6,Gas,,substation,GI_Sangatta,117.5693,0.4701,59
generator,PLTU_PT._Idec_Abadi_Wood_Industries_(AWI),117.612,3.292,,7,Coal,,substation,GI_Sangatta,117.5693,0.4701,59
generator,PLTU_Lati_(PT._Indo_Pusaka_Berau),117.619,2.215,,21,Coal,,substation,GI_Sangatta,117.5693,0.4701,59
generator,PLTU_Sangatta_(PT._Kaltim_Prima_Coal)_Ex_Sektor_Mahakam,117.635,0.539,,18,Coal,,substation,GI_Sangatta,117.5693,0.4701,59
generator,PLTD_Nunukan,117.64,4.134,,11.198,Oil,,substation,GI_Sangatta,117.5693,0.4701,59
generator,PLTD_Nunukan_Pemkab,117.64,4.134,,7.02,Oil,,substation,GI_Sangatta,117.5693,0.4701,59
generator,PLTD_Karangan,117.673,1.35,,1,Oil,,substation,GI_Sangatta,117.5693,0.4701,59
generator,PLTBm_Karangan_DL,117.673,1.35,,0.35,Biomass,,substation,GI_Sangatta,117.5693,0.4701,59
generator,PLTD_Pengadan,117.673,1.35,,0.62,Oil,,substation,GI_Sangatta,117.5693,0.4701,59
generator,PLTS_Sebatik_ESDM,117.802,4.153,,0.2,Solar,,substation,GI_Sangatta,117.5693,0.4701,59
generator,PLTD_Bunyu,117.845,3.469,,1,Oil,,substation,GI_Sangatta,117.5693,0.4701,59
generator,PLTD_Tubaan,117.859,1.818,,0.455,Oil,,substation,GI_Sangatta,117.5693,0.4701,59
generator,PLTD_Sebatik,117.909,4.147,,6.712,Oil,,substation,GI_Sangatta,117.5693,0.4701,59
generator,PLTS_Sebatik,117.909,4.147,,0.34,Solar,,substation,GI_Sangatta,117.5693,0.4701,59
generator,PLTD_Sangkulirang,117.98,0.986,,3,Oil,,substation,GI_Sangatta,117.5693,0.4701,59
generator,PLTD_Sangkulirang_Pemkab,117.98,0.986,,0.8,Oil,,substation,GI_Sangatta,117.5693,0.4701,59
generator,PLTD_Tanjung_Batu,118.092,2.278,,1.43,Oil,,substation,GI_Sangatta,117.5693,0.4701,59
generator,PLTD_Talisayan_Pemkab,118.177,1.605,,0.8,Oil,,substation,GI_Sangatta,117.5693,0.4701,59
generator,PLTD_Talisayan,118.177,1.605,,2.25,Oil,,substation,GI_Sangatta,117.5693,0.4701,59
generator,PLTD_Talisayan_PT_IPB,118.177,1.605,,1,Oil,,substation,GI_Sangatta,117.5693,0.4701,59
generator,PLTBm_Talisayan_DL,118.177,1.605,,0.26,Biomass,,substation,GI_Sangatta,117.5693,0.4701,59
generator,PLTD_Derawan,118.243,2.286,,1.27,Oil,,substation,GI_Sangatta,117.5693,0.4701,59
generator,PLTS_Derawan,118.243,2.286,,0.09,Oil,,substation,GI_Sangatta,117.5693,0.4701,59
generator,PLTD_Batu_Putih,118.446,1.352,,0.82,Oil,,substation,GI_Sangatta,117.5693,0.4701,59
generator,PLTD_Biduk-Biduk,118.746,1.216,,1.64,Oil,,substation,GI_Sangatta,117.5693,0.4701,59
