type,node0,lon0,lat0,id,bus0,location0,p_nom,carrier,type1,node1,lon1,lat1,bus1,location1,loc_connection
generator,PLTD_Lemukutan,108.712,0.76,,,Kalimantan Barat,0.412,Oil,substation,GI_Senggiring,108.9853,0.3162,4,Kalimantan Barat,Kalimantan Barat
generator,PLTU_Kalbar_1_Unit_1,108.846,0.815,,,Kalimantan Barat,125,Coal,substation,GI_PLTU_2_Kalbar,108.8653,0.83,3,Kalimantan Barat,Kalimantan Barat
generator,PLTU_Kalbar_1_Unit_2,108.846,0.816,,,Kalimantan Barat,125,Coal,substation,GI_PLTU_3_Kalbar,108.8747,0.8361,2,Kalimantan Barat,Kalimantan Barat
generator,PLTU_Parit_Baru_Site_Bengkayang_#01,108.874,0.837,,,Kalimantan Barat,55,Coal,substation,GI_Bengkayang,109.4967,0.9056,11,Kalimantan Barat,Kalimantan Barat
generator,PLTU_Parit_Baru_Site_Bengkayang_#02,108.874,0.837,,,Kalimantan Barat,55,Coal,substation,GI_Bengkayang,109.4967,0.9056,11,Kalimantan Barat,Kalimantan Barat
generator,PLTD_Area_Singkawang,108.98,0.912,,,Kalimantan Barat,0.16,Oil,substation,GI_Singkawang,108.9876,0.9266,1,Kalimantan Barat,Kalimantan Barat
generator,PLTD_Sei_Wie,108.987,0.926,,,Kalimantan Barat,18.4,Oil,substation,GI_Singkawang,108.9876,0.9266,1,Kalimantan Barat,Kalimantan Barat
generator,PLTD_Sudirman,108.998,0.911,,,Kalimantan Barat,5.585,Oil,substation,GI_Singkawang,108.9876,0.9266,1,Kalimantan Barat,Kalimantan Barat
generator,PLTD_Sepuk_Laut,109.078,-0.222,,,Kalimantan Barat,0.5,Oil,substation,GI_Parit_Baru,109.2055,0.0592,5,Kalimantan Barat,Kalimantan Barat
generator,PLTD_Tanjung_Saleh,109.148,-0.108,,,Kalimantan Barat,0.77,Oil,substation,GI_Parit_Baru,109.2055,0.0592,5,Kalimantan Barat,Kalimantan Barat
generator,PLTMG_MPP_PLN_Batam_(MPP_Pontianak),109.204,0.059,,,Kalimantan Barat,100,Oil,substation,GI_Parit_Baru,109.2055,0.0592,5,Kalimantan Barat,Kalimantan Barat
generator,PLTD_Padang_Tikar,109.272,0.682,,,Kalimantan Barat,3.375,Oil,substation,GI_Parit_Baru,109.2055,0.0592,5,Kalimantan Barat,Kalimantan Barat
generator,PLTBm_PT._Rezeki,109.286,0.011,,,Kalimantan Barat,10,Biomass,substation,GI_Parit_Baru,109.2055,0.0592,5,Kalimantan Barat,Kalimantan Barat
generator,PLTD_Sambas,109.296,1.36,,,Kalimantan Barat,4.095,Oil,substation,GI_Sambas,109.2688,1.3429,0,Kalimantan Barat,Kalimantan Barat
generator,PLTD_Siantan,109.327,-0.002,,,Kalimantan Barat,49.9,Oil,substation,GI_Siantan,109.328,-0.0002,7,Kalimantan Barat,Kalimantan Barat
generator,PLTG_Siantan,109.327,-0.001,,,Kalimantan Barat,34,Oil,substation,GI_Siantan,109.328,-0.0002,7,Kalimantan Barat,Kalimantan Barat
generator,PLTD_Sei_Raya,109.38,-0.072,,,Kalimantan Barat,50.4,Oil,substation,GI_Kota_Baru,109.2987,-0.0754,6,Kalimantan Barat,Kalimantan Barat
generator,PLTBm_PT_Harjohn_Timber,109.447,-0.179,,,Kalimantan Barat,5,Biomass,substation,GI_Sei_Raya,109.3809,-0.0735,8,Kalimantan Barat,Kalimantan Barat
generator,PLTD_Dusun_Besar,109.461,-1.11,,,Kalimantan Barat,1.196,Oil,substation,GI_Sei_Raya,109.3809,-0.0735,8,Kalimantan Barat,Kalimantan Barat
generator,PLTD_Bengkayang,109.477,0.819,,,Kalimantan Barat,0.5,Oil,substation,GI_Bengkayang,109.4967,0.9056,11,Kalimantan Barat,Kalimantan Barat
generator,PLTD_Batu_Ampar_1,109.537,0.749,,,Kalimantan Barat,0.576,Oil,substation,GI_Bengkayang,109.4967,0.9056,11,Kalimantan Barat,Kalimantan Barat
generator,PLTS_Temajuk,109.597,2.007,,,Kalimantan Barat,0.08,Solar,substation,GI_Bengkayang,109.4967,0.9056,11,Kalimantan Barat,Kalimantan Barat
generator,PLTD_Temajuk,109.602,1.997,,,Kalimantan Barat,0.75,Oil,substation,GI_Bengkayang,109.4967,0.9056,11,Kalimantan Barat,Kalimantan Barat
generator,PLTMH_Sajingan,109.643,1.62,,,Kalimantan Barat,0.225,Run_of_River,substation,GI_Bengkayang,109.4967,0.9056,11,Kalimantan Barat,Kalimantan Barat
generator,PLTMH_Serawak_Energi_BHD_Sajingan_(B),109.68,1.609,,,Kalimantan Barat,0.8,Run_of_River,substation,GITET_Bengkayang,109.4966,0.9066,12,Kalimantan Barat,Kalimantan Barat
generator,PLTD_Tanjung_Satai,109.682,-1.208,,,Kalimantan Barat,1.084,Oil,substation,GI_Tayan,110.0932,0.0015,9,Kalimantan Barat,Kalimantan Barat
generator,PLTMH_Merasap,109.744,1.124,,,Kalimantan Barat,1.5,Run_of_River,substation,GI_Bengkayang,109.4967,0.9056,11,Kalimantan Barat,Kalimantan Barat
generator,PLTD_Pulau_Limbung,109.859,-0.268,,,Kalimantan Barat,0.44,Oil,substation,GI_Tayan,110.0932,0.0015,9,Kalimantan Barat,Kalimantan Barat
generator,PLTS_Pulau_Limbung,109.859,-0.268,,,Kalimantan Barat,0.06,Solar,substation,GI_Tayan,110.0932,0.0015,9,Kalimantan Barat,Kalimantan Barat
generator,PLTD_Ngabang,109.864,0.386,,,Kalimantan Barat,1.72,Oil,substation,GI_Bengkayang,109.4967,0.9056,11,Kalimantan Barat,Kalimantan Barat
generator,PLTU_Ketapang_#01,109.942,-1.782,,,Kalimantan Barat,10,Coal,substation,GI_Tayan,110.0932,0.0015,9,Kalimantan Barat,Kalimantan Barat
generator,PLTU_Ketapang_#02,109.942,-1.782,,,Kalimantan Barat,10,Coal,substation,GI_Tayan,110.0932,0.0015,9,Kalimantan Barat,Kalimantan Barat
generator,PLTD_Teluk_Melano,109.951,-1.135,,,Kalimantan Barat,7.98,Oil,substation,GI_Tayan,110.0932,0.0015,9,Kalimantan Barat,Kalimantan Barat
generator,PLTU_Tembilok_(IPP_Ketapang)_#01,109.952,-1.782,,,Kalimantan Barat,7.5,Coal,substation,GI_Tayan,110.0932,0.0015,9,Kalimantan Barat,Kalimantan Barat
generator,PLTU_Tembilok_(IPP_Ketapang)_#02,109.952,-1.782,,,Kalimantan Barat,7.5,Coal,substation,GI_Tayan,110.0932,0.0015,9,Kalimantan Barat,Kalimantan Barat
generator,PLTBm_PT_Alas_Kusuma,109.972,-1.782,,,Kalimantan Barat,3.5,Biomass,substation,GI_Tayan,110.0932,0.0015,9,Kalimantan Barat,Kalimantan Barat
generator,PLTD_Sukaharja,109.977,-1.802,,,Kalimantan Barat,14.799,Oil,substation,GI_Tayan,110.0932,0.0015,9,Kalimantan Barat,Kalimantan Barat
generator,PLTD_Cempaka_Putih,110.057,1.073,,,Kalimantan Barat,0.28,Oil,substation,GI_Ngabang,110.001,0.3534,10,Kalimantan Barat,Kalimantan Barat
generator,PLTS_Sidding,110.071,1.252,,,Kalimantan Barat,0.04,Solar,substation,GI_Ngabang,110.001,0.3534,10,Kalimantan Barat,Kalimantan Barat
generator,PLTD_Teraju,110.104,-0.23,,,Kalimantan Barat,0.368,Oil,substation,GI_Tayan,110.0932,0.0015,9,Kalimantan Barat,Kalimantan Barat
generator,PLTD_Kendawangan_Kanan,110.207,-2.532,,,Kalimantan Barat,0.823,Oil,substation,GI_Tayan,110.0932,0.0015,9,Kalimantan Barat,Kalimantan Barat
generator,PLTD_Ulak_Medang,110.29,-1.678,,,Kalimantan Barat,0.04,Oil,substation,GI_Tayan,110.0932,0.0015,9,Kalimantan Barat,Kalimantan Barat
generator,PLTA_SESCO_275,110.35,1.354,,,Kalimantan Barat,90,Run_of_River,substation,GI_Ngabang,110.001,0.3534,10,Kalimantan Barat,Kalimantan Barat
generator,PLTMH_Serawak_Energi_BHD_Balai_Karangan_(B),110.355,0.988,,,Kalimantan Barat,1.12,Run_of_River,substation,GITET_Bengkayang,109.4966,0.9066,12,Kalimantan Barat,Kalimantan Barat
generator,PLTD_Balai_Bekuak,110.369,-0.522,,,Kalimantan Barat,3.009,Oil,substation,GI_Tayan,110.0932,0.0015,9,Kalimantan Barat,Kalimantan Barat
generator,PLTD_Kuala_Buayan,110.382,0.106,,,Kalimantan Barat,1.574,Oil,substation,GI_Tayan,110.0932,0.0015,9,Kalimantan Barat,Kalimantan Barat
generator,PLTD_Sampurna,110.455,-1.184,,,Kalimantan Barat,0.236,Oil,substation,GI_Tayan,110.0932,0.0015,9,Kalimantan Barat,Kalimantan Barat
generator,PLTD_Aur_Kuning,110.486,-0.954,,,Kalimantan Barat,2.755,Oil,substation,GI_Tayan,110.0932,0.0015,9,Kalimantan Barat,Kalimantan Barat
generator,PLTD_Sandai,110.524,-1.234,,,Kalimantan Barat,1.438,Oil,substation,GI_Tayan,110.0932,0.0015,9,Kalimantan Barat,Kalimantan Barat
generator,PLTU_Sanggau_#01,110.556,0.03,,,Kalimantan Barat,7,Coal,substation,GI_Tayan,110.0932,0.0015,9,Kalimantan Barat,Kalimantan Barat
generator,PLTU_Sanggau_#02,110.556,0.03,,,Kalimantan Barat,7,Coal,substation,GI_Tayan,110.0932,0.0015,9,Kalimantan Barat,Kalimantan Barat
generator,PLTD_Semboja,110.56,0.135,,,Kalimantan Barat,6,Oil,substation,GI_Ngabang,110.001,0.3534,10,Kalimantan Barat,Kalimantan Barat
generator,PLTD_Nanga_Tayap,110.563,-1.516,,,Kalimantan Barat,0.75,Oil,substation,GI_Tayan,110.0932,0.0015,9,Kalimantan Barat,Kalimantan Barat
generator,PLTD_Kantuk,110.607,0.124,,,Kalimantan Barat,0.14,Oil,substation,GI_Ngabang,110.001,0.3534,10,Kalimantan Barat,Kalimantan Barat
generator,PLTD_Tumbang_Titi,110.611,-1.846,,,Kalimantan Barat,1.35,Oil,substation,GI_Tayan,110.0932,0.0015,9,Kalimantan Barat,Kalimantan Barat
generator,PLTD_Air_Hitam,110.625,-2.793,,,Kalimantan Barat,1.05,Oil,substation,GI_Tayan,110.0932,0.0015,9,Kalimantan Barat,Kalimantan Barat
generator,PLTD_Marau,110.708,-2.125,,,Kalimantan Barat,0.246,Oil,substation,GI_Tayan,110.0932,0.0015,9,Kalimantan Barat,Kalimantan Barat
generator,PLTD_Kuala_Jelai,110.739,-2.985,,,Kalimantan Tengah,0.92,Oil,substation,GI_Pangkalanbun,111.7037,-2.6152,13,Kalimantan Tengah,Kalimantan Tengah
generator,PLTD_Air_Upas,110.8,-2.303,,,Kalimantan Barat,0.695,Oil,substation,GI_Tayan,110.0932,0.0015,9,Kalimantan Barat,Kalimantan Barat
generator,PLTD_Balai_Karangan,110.828,0.435,,,Kalimantan Barat,4.69,Oil,substation,GI_Ngabang,110.001,0.3534,10,Kalimantan Barat,Kalimantan Barat
generator,PLTD_Sekadau,110.89,0.021,,,Kalimantan Barat,2.345,Oil,substation,GI_Tayan,110.0932,0.0015,9,Kalimantan Barat,Kalimantan Barat
generator,PLTMH_Batu_Menang,110.959,-1.984,,,Kalimantan Barat,0.1,Run_of_River,substation,GI_Tayan,110.0932,0.0015,9,Kalimantan Barat,Kalimantan Barat
generator,PLTD_Manis_Mata,111.028,-2.448,,,Kalimantan Barat,0.232,Oil,substation,GI_Ngabang,110.001,0.3534,10,Kalimantan Barat,Kalimantan Barat
generator,PLTD_Senaning,111.032,0.908,,,Kalimantan Barat,0.488,Oil,substation,GI_Ngabang,110.001,0.3534,10,Kalimantan Barat,Kalimantan Barat
generator,PLTD_Kudangan,111.043,-1.61,,,Kalimantan Tengah,0.29,Oil,substation,GI_Pangkalanbun,111.7037,-2.6152,13,Kalimantan Tengah,Kalimantan Tengah
generator,PLTD_Sinar_Pekayau,111.082,0.333,,,Kalimantan Barat,0.505,Oil,substation,GI_Ngabang,110.001,0.3534,10,Kalimantan Barat,Kalimantan Barat
generator,PLTD_Jasa,111.148,1.004,,,Kalimantan Barat,0.306,Oil,substation,GI_Ngabang,110.001,0.3534,10,Kalimantan Barat,Kalimantan Barat
generator,PLTD_Sukamara_#03_(MWM),111.164,-2.717,,,Kalimantan Tengah,0.22,Oil,substation,GI_Pangkalanbun,111.7037,-2.6152,13,Kalimantan Tengah,Kalimantan Tengah
generator,PLTD_Sukamara_#04_(DEUTZ),111.164,-2.717,,,Kalimantan Tengah,0.24,Oil,substation,GI_Pangkalanbun,111.7037,-2.6152,13,Kalimantan Tengah,Kalimantan Tengah
generator,PLTD_Sukamara_#05_(DEUTZ_AG),111.164,-2.717,,,Kalimantan Tengah,0.7,Oil,substation,GI_Pangkalanbun,111.7037,-2.6152,13,Kalimantan Tengah,Kalimantan Tengah
generator,PLTD_Sukamara_#06_(MTU),111.164,-2.717,,,Kalimantan Tengah,0.528,Oil,substation,GI_Pangkalanbun,111.7037,-2.6152,13,Kalimantan Tengah,Kalimantan Tengah
generator,PLTD_Sukamara_#07_(MITSUBITSI),111.164,-2.717,,,Kalimantan Tengah,1.33,Oil,substation,GI_Pangkalanbun,111.7037,-2.6152,13,Kalimantan Tengah,Kalimantan Tengah
generator,PLTD_Sukamara_#08_(MITSUBITSI),111.164,-2.717,,,Kalimantan Tengah,1.33,Oil,substation,GI_Pangkalanbun,111.7037,-2.6152,13,Kalimantan Tengah,Kalimantan Tengah
generator,PLTD_Sukamara_#09_(MITSUBITSI),111.164,-2.717,,,Kalimantan Tengah,1.33,Oil,substation,GI_Pangkalanbun,111.7037,-2.6152,13,Kalimantan Tengah,Kalimantan Tengah
generator,PLTD_Sukamara_#01_(MAN),111.164,-2.717,,,Kalimantan Tengah,0.536,Oil,substation,GI_Pangkalanbun,111.7037,-2.6152,13,Kalimantan Tengah,Kalimantan Tengah
generator,PLTD_Sukamara_#02_(MAN),111.164,-2.717,,,Kalimantan Tengah,0.536,Oil,substation,GI_Pangkalanbun,111.7037,-2.6152,13,Kalimantan Tengah,Kalimantan Tengah
generator,PLTD_Balai_Riam,111.182,-2.992,,,Kalimantan Tengah,0.54,Oil,substation,GI_Pangkalanbun,111.7037,-2.6152,13,Kalimantan Tengah,Kalimantan Tengah
generator,PLTD_Balai_Sepuak,111.206,0.442,,,Kalimantan Barat,0.996,Oil,substation,GI_Ngabang,110.001,0.3534,10,Kalimantan Barat,Kalimantan Barat
generator,PLTD_Kartamulia_Sukamara_Mitsubishi_Unit_78,111.211,-2.685,,,Kalimantan Tengah,2.66,Oil,substation,GI_Pangkalanbun,111.7037,-2.6152,13,Kalimantan Tengah,Kalimantan Tengah
generator,PLTD_Belitang,111.24,0.131,,,Kalimantan Barat,3.3,Oil,substation,GI_Ngabang,110.001,0.3534,10,Kalimantan Barat,Kalimantan Barat
generator,PLTD_Tapin_Bini,111.317,-1.892,,,Kalimantan Tengah,11.65,Oil,substation,GI_Pangkalanbun,111.7037,-2.6152,13,Kalimantan Tengah,Kalimantan Tengah
generator,PLTU_Sintang_#01,111.434,0.074,,,Kalimantan Barat,9,Coal,substation,GI_Ngabang,110.001,0.3534,10,Kalimantan Barat,Kalimantan Barat
generator,PLTU_Sintang_#02,111.434,0.074,,,Kalimantan Barat,9,Coal,substation,GI_Ngabang,110.001,0.3534,10,Kalimantan Barat,Kalimantan Barat
generator,PLTU_Sintang_#03,111.434,0.074,,,Kalimantan Barat,9,Coal,substation,GI_Ngabang,110.001,0.3534,10,Kalimantan Barat,Kalimantan Barat
generator,PLTD_Rayon_Nanga_Bulik,111.469,-2.187,,,Kalimantan Tengah,10.848,Oil,substation,GI_Pangkalanbun,111.7037,-2.6152,13,Kalimantan Tengah,Kalimantan Tengah
generator,PLTD_Simpang_Sepaku_Mitsubishi_Unit_9,111.502,-2.209,,,Kalimantan Tengah,1.33,Oil,substation,GI_Pangkalanbun,111.7037,-2.6152,13,Kalimantan Tengah,Kalimantan Tengah
generator,PLTD_Simpang_Sepaku_Mitsubishi_Unit_56,111.503,-2.209,,,Kalimantan Tengah,2.66,Oil,substation,GI_Pangkalanbun,111.7037,-2.6152,13,Kalimantan Tengah,Kalimantan Tengah
generator,PLTD_Menyurai,111.511,0.086,,,Kalimantan Barat,12.21,Oil,substation,GI_Ngabang,110.001,0.3534,10,Kalimantan Barat,Kalimantan Barat
generator,PLTD_Nanga_Merakai,111.517,0.688,,,Kalimantan Barat,0.6,Oil,substation,GI_Ngabang,110.001,0.3534,10,Kalimantan Barat,Kalimantan Barat
generator,PLTD_Kota_Baru,111.542,-0.8,,,Kalimantan Barat,0.331,Oil,substation,GI_Tayan,110.0932,0.0015,9,Kalimantan Barat,Kalimantan Barat
generator,PLTD_Ketungau,111.62,0.357,,,Kalimantan Barat,0.213,Oil,substation,GI_Ngabang,110.001,0.3534,10,Kalimantan Barat,Kalimantan Barat
generator,PLTD_Nanga_Lebang,111.644,0.218,,,Kalimantan Barat,0.218,Oil,substation,GI_Ngabang,110.001,0.3534,10,Kalimantan Barat,Kalimantan Barat
generator,PLTD_Nanga_Sayan,111.676,-0.714,,,Kalimantan Barat,1.029,Oil,substation,GI_Tayan,110.0932,0.0015,9,Kalimantan Barat,Kalimantan Barat
generator,PLTD_Kayan,111.69,-0.172,,,Kalimantan Barat,0.337,Oil,substation,GI_Tayan,110.0932,0.0015,9,Kalimantan Barat,Kalimantan Barat
generator,PLTD_Mentobi_Raya,111.694,-1.986,,,Kalimantan Tengah,1.7,Oil,substation,GI_Pangkalanbun,111.7037,-2.6152,13,Kalimantan Tengah,Kalimantan Tengah
generator,PLTU_Pangkalan_Bun_(PT._Eksploitasi_Energi_Indonesia),111.703,-2.771,,,Kalimantan Tengah,14,Coal,substation,GI_Pangkalanbun,111.7037,-2.6152,13,Kalimantan Tengah,Kalimantan Tengah
generator,PLTD_Sidomulyo_Pinoh,111.707,-0.342,,,Kalimantan Barat,0.576,Oil,substation,GI_Tayan,110.0932,0.0015,9,Kalimantan Barat,Kalimantan Barat
generator,PLTD_Kumai,111.728,-2.725,,,Kalimantan Tengah,11,Oil,substation,GI_Pangkalanbun,111.7037,-2.6152,13,Kalimantan Tengah,Kalimantan Tengah
generator,PLTD_Pangkalan_Bun,111.731,-2.73,,,Kalimantan Tengah,7.12,Oil,substation,GI_Pangkalanbun,111.7037,-2.6152,13,Kalimantan Tengah,Kalimantan Tengah
generator,PLTD_Sewa_PGL_Pangkalan_Bun,111.731,-2.73,,,Kalimantan Tengah,4,Oil,substation,GI_Pangkalanbun,111.7037,-2.6152,13,Kalimantan Tengah,Kalimantan Tengah
generator,PLTD_Sewa_Kaltimex_Pangkalan_Bun,111.731,-2.73,,,Kalimantan Tengah,14,Oil,substation,GI_Pangkalanbun,111.7037,-2.6152,13,Kalimantan Tengah,Kalimantan Tengah
generator,PLTD_Kalan,111.741,-0.336,,,Kalimantan Barat,0.17,Oil,substation,GI_Tayan,110.0932,0.0015,9,Kalimantan Barat,Kalimantan Barat
generator,PLTD_Bora,111.764,-0.628,,,Kalimantan Barat,1.078,Oil,substation,GI_Tayan,110.0932,0.0015,9,Kalimantan Barat,Kalimantan Barat
generator,PLTMH_Bora,111.775,-0.633,,,Kalimantan Barat,0.2,Run_of_River,substation,GI_Tayan,110.0932,0.0015,9,Kalimantan Barat,Kalimantan Barat
generator,PLTD_Nanga_Silat,111.788,0.343,,,Kalimantan Barat,0.748,Oil,substation,GI_Tayan,110.0932,0.0015,9,Kalimantan Barat,Kalimantan Barat
generator,PLTD_Kenambui,111.792,-2.476,,,Kalimantan Tengah,0.12,Oil,substation,GI_Pangkalanbun,111.7037,-2.6152,13,Kalimantan Tengah,Kalimantan Tengah
generator,PLTD_Sewa_UPM_Pangkalan_Banteng,111.824,-2.607,,,Kalimantan Tengah,2.5,Oil,substation,GI_Pangkalanbun,111.7037,-2.6152,13,Kalimantan Tengah,Kalimantan Tengah
generator,PLTBm_Korintiga_Hutani,111.824,-2.607,,,Kalimantan Tengah,3,Biomass,substation,GI_Pangkalanbun,111.7037,-2.6152,13,Kalimantan Tengah,Kalimantan Tengah
generator,PLTMH_Serawak_Energi_BHD_Badau_(B),111.872,1.033,,,Kalimantan Barat,0.32,Run_of_River,substation,GITET_Bengkayang,109.4966,0.9066,12,Kalimantan Barat,Kalimantan Barat
generator,PLTD_Seberuang,111.888,0.465,,,Kalimantan Barat,0.162,Oil,substation,GI_Tayan,110.0932,0.0015,9,Kalimantan Barat,Kalimantan Barat
generator,PLTD_Badau,111.903,1.044,,,Kalimantan Barat,2.085,Oil,substation,GI_Tayan,110.0932,0.0015,9,Kalimantan Barat,Kalimantan Barat
generator,PLTD_Pangkut,111.92,-2.192,,,Kalimantan Tengah,0.8,Oil,substation,GI_Pangkalanbun,111.7037,-2.6152,13,Kalimantan Tengah,Kalimantan Tengah
generator,PLTD_Tumbang_Manjul,111.928,-1.301,,,Kalimantan Tengah,0.498,Oil,substation,GI_Pangkalanbun,111.7037,-2.6152,13,Kalimantan Tengah,Kalimantan Tengah
generator,PLTD_Semitau,111.96,0.543,,,Kalimantan Barat,4.748,Oil,substation,GI_Tayan,110.0932,0.0015,9,Kalimantan Barat,Kalimantan Barat
generator,PLTBm_Kotawaringin_Barat,111.967,-2.052,,,Kalimantan Tengah,10,Biomass,substation,GI_Pangkalanbun,111.7037,-2.6152,13,Kalimantan Tengah,Kalimantan Tengah
generator,PLTD_Pulau_Majang,111.994,0.901,,,Kalimantan Barat,0.156,Oil,substation,GI_Tayan,110.0932,0.0015,9,Kalimantan Barat,Kalimantan Barat
generator,PLTD_Nanga_Ella,112.003,-0.398,,,Kalimantan Barat,1.445,Oil,substation,GI_Tayan,110.0932,0.0015,9,Kalimantan Barat,Kalimantan Barat
generator,PLTD_ULD_Tewah,112.122,-1.936,,,Kalimantan Tengah,1.584,Oil,substation,GI_Sampit,112.9207,-2.4816,14,Kalimantan Tengah,Kalimantan Tengah
generator,PLTD_Belikai,112.137,0.33,,,Kalimantan Barat,0.3,Oil,substation,GI_Ngabang,110.001,0.3534,10,Kalimantan Barat,Kalimantan Barat
generator,PLTD_Nibung,112.178,0.334,,,Kalimantan Barat,0.08,Oil,substation,GI_Ngabang,110.001,0.3534,10,Kalimantan Barat,Kalimantan Barat
generator,PLTD_Tebidah,112.184,0.252,,,Kalimantan Barat,0.36,Oil,substation,GI_Ngabang,110.001,0.3534,10,Kalimantan Barat,Kalimantan Barat
generator,PLTD_Rantau_Pulut,112.186,-2.048,,,Kalimantan Tengah,0.96,Oil,substation,GI_Sampit,112.9207,-2.4816,14,Kalimantan Tengah,Kalimantan Tengah
generator,PLTD_Sukamandang,112.186,-2.048,,,Kalimantan Tengah,1.1,Oil,substation,GI_Sampit,112.9207,-2.4816,14,Kalimantan Tengah,Kalimantan Tengah
generator,PLTD_Tontang,112.223,-0.269,,,Kalimantan Barat,0.216,Oil,substation,GI_Tayan,110.0932,0.0015,9,Kalimantan Barat,Kalimantan Barat
generator,PLTD_Manukung,112.227,-0.418,,,Kalimantan Barat,0.232,Oil,substation,GI_Tayan,110.0932,0.0015,9,Kalimantan Barat,Kalimantan Barat
generator,PLTD_Lanjak,112.238,1.034,,,Kalimantan Barat,0.66,Oil,substation,GI_Ngabang,110.001,0.3534,10,Kalimantan Barat,Kalimantan Barat
generator,PLTD_Telaga_Pulang,112.27,-2.864,,,Kalimantan Tengah,0.45,Oil,substation,GI_PLTU_Sampit,112.9101,-2.7625,15,Kalimantan Tengah,Kalimantan Tengah
generator,PLTD_Jongkong,112.278,0.665,,,Kalimantan Barat,1.39,Oil,substation,GI_Ngabang,110.001,0.3534,10,Kalimantan Barat,Kalimantan Barat
generator,PLTD_Tepuai,112.303,0.37,,,Kalimantan Barat,3.99,Oil,substation,GI_Ngabang,110.001,0.3534,10,Kalimantan Barat,Kalimantan Barat
generator,PLTD_Ujung_Said,112.378,0.67,,,Kalimantan Barat,0.496,Oil,substation,GI_Ngabang,110.001,0.3534,10,Kalimantan Barat,Kalimantan Barat
generator,PLTD_ULD_Tumbang_Senamang,112.425,-1.161,,,Kalimantan Tengah,0.46,Oil,substation,GI_Sampit,112.9207,-2.4816,14,Kalimantan Tengah,Kalimantan Tengah
generator,PLTD_Serawai,112.439,-0.331,,,Kalimantan Barat,1.896,Oil,substation,GI_Tayan,110.0932,0.0015,9,Kalimantan Barat,Kalimantan Barat
generator,PLTBg_Sukajadi_Sawit_Mekar,112.455,-2.399,,,Kalimantan Tengah,2.4,Biogas,substation,GI_Sampit,112.9207,-2.4816,14,Kalimantan Tengah,Kalimantan Tengah
generator,PLTD_Ulak_Pauk,112.491,1.062,,,Kalimantan Barat,0.238,Oil,substation,GI_Ngabang,110.001,0.3534,10,Kalimantan Barat,Kalimantan Barat
generator,PLTBg_Maju_Aneka_Sawit,112.542,-2.38,,,Kalimantan Tengah,1,Biogas,substation,GI_Sampit,112.9207,-2.4816,14,Kalimantan Tengah,Kalimantan Tengah
generator,PLTD_Kuala_Pembuang_#01_(MWM),112.545,-3.39,,,Kalimantan Tengah,0.22,Oil,substation,GI_Sampit,112.9207,-2.4816,14,Kalimantan Tengah,Kalimantan Tengah
generator,PLTD_Kuala_Pembuang_#05_(MITSUBISHI),112.545,-3.39,,,Kalimantan Tengah,1.33,Oil,substation,GI_Sampit,112.9207,-2.4816,14,Kalimantan Tengah,Kalimantan Tengah
generator,PLTD_Kuala_Pembuang_#06_(MITSUBISIH),112.545,-3.39,,,Kalimantan Tengah,1.33,Oil,substation,GI_Sampit,112.9207,-2.4816,14,Kalimantan Tengah,Kalimantan Tengah
generator,PLTD_Kuala_Pembuang_#07_(MITSUBISHI),112.545,-3.39,,,Kalimantan Tengah,1.33,Oil,substation,GI_Sampit,112.9207,-2.4816,14,Kalimantan Tengah,Kalimantan Tengah
generator,PLTD_Kuala_Pembuang_#08_(MITSUBISHI),112.545,-3.39,,,Kalimantan Tengah,1.33,Oil,substation,GI_Sampit,112.9207,-2.4816,14,Kalimantan Tengah,Kalimantan Tengah
generator,PLTD_Kuala_Pembuang_#02_(DEUTZ_MWM),112.545,-3.39,,,Kalimantan Tengah,0.528,Oil,substation,GI_Sampit,112.9207,-2.4816,14,Kalimantan Tengah,Kalimantan Tengah
generator,PLTD_Kuala_Pembuang_#03_(DEUTZ_MWM),112.545,-3.39,,,Kalimantan Tengah,0.528,Oil,substation,GI_Sampit,112.9207,-2.4816,14,Kalimantan Tengah,Kalimantan Tengah
generator,PLTD_Kuala_Pembuang_#04_(DEUTZ_MWM),112.545,-3.39,,,Kalimantan Tengah,0.528,Oil,substation,GI_Sampit,112.9207,-2.4816,14,Kalimantan Tengah,Kalimantan Tengah
generator,PLTD_Kuala_Pembuang_Unit_7,112.545,-3.39,,,Kalimantan Tengah,1.33,Oil,substation,GI_Sampit,112.9207,-2.4816,14,Kalimantan Tengah,Kalimantan Tengah
generator,PLTD_Kuala_Pembuang_Unit_9,112.545,-3.39,,,Kalimantan Tengah,1,Oil,substation,GI_Sampit,112.9207,-2.4816,14,Kalimantan Tengah,Kalimantan Tengah
generator,PLTBg_Unggul_Lestari,112.598,-1.596,,,Kalimantan Tengah,1,Biogas,substation,GI_Sampit,112.9207,-2.4816,14,Kalimantan Tengah,Kalimantan Tengah
generator,PLTD_Embaloh,112.602,0.831,,,Kalimantan Barat,0.601,Oil,substation,GI_Ngabang,110.001,0.3534,10,Kalimantan Barat,Kalimantan Barat
generator,PLTD_UPM_Parenggean,112.653,-1.881,,,Kalimantan Tengah,2.5,Oil,substation,GI_Sampit,112.9207,-2.4816,14,Kalimantan Tengah,Kalimantan Tengah
generator,PLTD_Bunut,112.655,0.528,,,Kalimantan Barat,0.57,Oil,substation,GI_Ngabang,110.001,0.3534,10,Kalimantan Barat,Kalimantan Barat
generator,PLTD_ULD_Tumbang_Hiran,112.691,-1.188,,,Kalimantan Tengah,0.56,Oil,substation,GI_Sampit,112.9207,-2.4816,14,Kalimantan Tengah,Kalimantan Tengah
generator,PLTD_Kemangai,112.71,-0.243,,,Kalimantan Barat,0.216,Oil,substation,GI_Ngabang,110.001,0.3534,10,Kalimantan Barat,Kalimantan Barat
generator,PLTD_Piasak,112.723,0.659,,,Kalimantan Barat,0.222,Oil,substation,GI_Ngabang,110.001,0.3534,10,Kalimantan Barat,Kalimantan Barat
generator,PLTD_Sawai,112.927,0.885,,,Kalimantan Barat,12.485,Oil,substation,GI_Ngabang,110.001,0.3534,10,Kalimantan Barat,Kalimantan Barat
generator,PLTD_Rayon_Sampit,112.969,-2.516,,,Kalimantan Tengah,3.88,Oil,substation,GI_Palangkaraya,113.8739,-2.1748,17,Kalimantan Tengah,Kalimantan Tengah
generator,PLTD_Sewa_Kaltimex_Sampit,112.97,-2.516,,,Kalimantan Tengah,8,Oil,substation,GI_Palangkaraya,113.8739,-2.1748,17,Kalimantan Tengah,Kalimantan Tengah
generator,PLTD_ULD_Tumbang_Kaman,113.093,-1.346,,,Kalimantan Tengah,1.22,Oil,substation,GI_Kasongan,113.4337,-1.9002,16,Kalimantan Tengah,Kalimantan Tengah
generator,PLTD_Nanga_Erak,113.154,0.372,,,Kalimantan Barat,0.57,Oil,substation,GI_Ngabang,110.001,0.3534,10,Kalimantan Barat,Kalimantan Barat
generator,PLTD_Mendawai,113.269,-2.989,,,Kalimantan Tengah,1.352,Oil,substation,GI_Palangkaraya,113.8739,-2.1748,17,Kalimantan Tengah,Kalimantan Tengah
generator,PLTD_ULD_Telaga,113.33,-2.421,,,Kalimantan Tengah,0.12,Oil,substation,GI_Palangkaraya,113.8739,-2.1748,17,Kalimantan Tengah,Kalimantan Tengah
generator,PLTD_Pagatan,113.33,-3.256,,,Kalimantan Tengah,5,Oil,substation,GI_Palangkaraya,113.8739,-2.1748,17,Kalimantan Tengah,Kalimantan Tengah
generator,PLTD_ULD_Tumbang_Talaken,113.378,-1.361,,,Kalimantan Tengah,1,Oil,substation,GI_Kasongan,113.4337,-1.9002,16,Kalimantan Tengah,Kalimantan Tengah
generator,PLTD_ULD_Tumbang_Miri,113.55,-0.916,,,Kalimantan Tengah,1.06,Oil,substation,GI_Kasongan,113.4337,-1.9002,16,Kalimantan Tengah,Kalimantan Tengah
generator,PLTU_Kalselteng_1_(PT._SKS_Listrik_Kalimantan)_#01,113.567,-1.374,,,Kalimantan Tengah,115.034,Coal,substation,GI_Kasongan,113.4337,-1.9002,16,Kalimantan Tengah,Kalimantan Tengah
generator,PLTU_Kalselteng_1_(PT._SKS_Listrik_Kalimantan)_#02,113.567,-1.374,,,Kalimantan Tengah,115.034,Coal,substation,GI_Kasongan,113.4337,-1.9002,16,Kalimantan Tengah,Kalimantan Tengah
generator,PLTD_ULD_Tumbang_Jutuh,113.572,-1.289,,,Kalimantan Tengah,2.1,Oil,substation,GI_Kasongan,113.4337,-1.9002,16,Kalimantan Tengah,Kalimantan Tengah
generator,PLTD_Sebangau,113.639,-3.148,,,Kalimantan Tengah,0.44,Oil,substation,GI_Palangkaraya,113.8739,-2.1748,17,Kalimantan Tengah,Kalimantan Tengah
generator,PLTD_ULD_Tumbang_Tambirah,113.823,-1.065,,,Kalimantan Tengah,0.16,Oil,substation,GI_Kasongan,113.4337,-1.9002,16,Kalimantan Tengah,Kalimantan Tengah
generator,PLTD_ULD_Tumbang_Miwan,113.872,-1.217,,,Kalimantan Tengah,0.616,Oil,substation,GI_Kasongan,113.4337,-1.9002,16,Kalimantan Tengah,Kalimantan Tengah
generator,PLTD_Kuala_Kurun_#03_MITSUBISHI),113.872,-1.117,,,Kalimantan Tengah,1.33,Oil,substation,GI_Kasongan,113.4337,-1.9002,16,Kalimantan Tengah,Kalimantan Tengah
generator,PLTD_Kuala_Kurun_#04_MITSUBISHI),113.872,-1.117,,,Kalimantan Tengah,1.33,Oil,substation,GI_Kasongan,113.4337,-1.9002,16,Kalimantan Tengah,Kalimantan Tengah
generator,PLTD_Kuala_Kurun_#05_MITSUBISHI),113.872,-1.117,,,Kalimantan Tengah,1.33,Oil,substation,GI_Kasongan,113.4337,-1.9002,16,Kalimantan Tengah,Kalimantan Tengah
generator,PLTD_Kuala_Kurun_Unit_2-3,113.872,-1.117,,,Kalimantan Tengah,2.66,Oil,substation,GI_Kasongan,113.4337,-1.9002,16,Kalimantan Tengah,Kalimantan Tengah
generator,PLTD_Kuala_Kurun_Unit_4,113.872,-1.117,,,Kalimantan Tengah,1.33,Oil,substation,GI_Kasongan,113.4337,-1.9002,16,Kalimantan Tengah,Kalimantan Tengah
generator,PLTD_Kuala_Kurun_#01_(MWM),113.873,-1.117,,,Kalimantan Tengah,0.22,Oil,substation,GI_Kasongan,113.4337,-1.9002,16,Kalimantan Tengah,Kalimantan Tengah
generator,PLTD_Kuala_Kurun_#02_(DEUTZ_MWM),113.873,-1.117,,,Kalimantan Tengah,0.528,Oil,substation,GI_Kasongan,113.4337,-1.9002,16,Kalimantan Tengah,Kalimantan Tengah
generator,PLTD_Kahayan/Area_Palangka_Raya,113.874,-1.827,,,Kalimantan Tengah,17.45,Oil,substation,GI_Palangkaraya,113.8739,-2.1748,17,Kalimantan Tengah,Kalimantan Tengah
generator,PLTD_Sungai_Hanyu,114.016,-0.927,,,Kalimantan Tengah,0.38,Oil,substation,GI_Sebangau,113.9302,-2.2748,18,Kalimantan Tengah,Kalimantan Tengah
generator,PLTU_Pulang_Pisau_#01,114.209,-2.823,,,Kalimantan Tengah,60,Coal,substation,GI_S_Mintin,114.2086,-2.8214,20,Kalimantan Tengah,Kalimantan Tengah
generator,PLTU_Pulang_Pisau_#02,114.209,-2.823,,,Kalimantan Tengah,60,Coal,substation,GI_S_Mintin,114.2086,-2.8214,20,Kalimantan Tengah,Kalimantan Tengah
generator,PLTD_Tumbang_Lahung,114.302,-0.695,,,Kalimantan Tengah,0.38,Oil,substation,GI_Pulau_Pisang,114.2547,-2.7316,19,Kalimantan Tengah,Kalimantan Tengah
generator,PLTD_Pujon,114.364,-1.349,,,Kalimantan Tengah,0.981,Oil,substation,GI_Pulau_Pisang,114.2547,-2.7316,19,Kalimantan Tengah,Kalimantan Tengah
generator,PLTD_Kuala_Kapuas,114.374,-3.012,,,Kalimantan Tengah,6,Oil,substation,GI_Selat,114.3736,-3.0121,21,Kalimantan Tengah,Kalimantan Tengah
generator,PLTD_Timpah,114.479,-1.719,,,Kalimantan Tengah,1.108,Oil,substation,GI_Selat,114.3736,-3.0121,21,Kalimantan Tengah,Kalimantan Tengah
generator,PLTD_Long_Apari,114.534,0.812,,,Kalimantan Timur,0.64,Oil,substation,GI_Muara_Komam,115.8694,-1.828,39,Kalimantan Timur,Kalimantan Timur
generator,PLTU_PT._Wijaya_Triutama_Plywood_Industri,114.562,-3.336,,,Kalimantan Selatan,45,Coal,substation,GI_Cempaka,114.8499,-3.4658,28,Kalimantan Selatan,Kalimantan Selatan
generator,PLTG_Trisakti,114.57,-3.31,,,Kalimantan Selatan,21,Oil,substation,GI_Trisakti,114.571,-3.3094,23,Kalimantan Selatan,Kalimantan Selatan
generator,PLTD_Trisakti,114.572,-3.31,,,Kalimantan Selatan,54.2,Oil,substation,GI_Trisakti,114.571,-3.3094,23,Kalimantan Selatan,Kalimantan Selatan
generator,PLTD_Puruk_Cahu,114.583,-0.583,,,Kalimantan Tengah,2.19,Oil,substation,GI_Selat,114.3736,-3.0121,21,Kalimantan Tengah,Kalimantan Tengah
generator,PLTD_Long_Pahangai,114.709,0.883,,,Kalimantan Timur,0.6,Oil,substation,GI_Muara_Komam,115.8694,-1.828,39,Kalimantan Timur,Kalimantan Timur
generator,PLTD_Muara_Laung,114.732,-0.599,,,Kalimantan Tengah,2.07,Oil,substation,GI_Selat,114.3736,-3.0121,21,Kalimantan Tengah,Kalimantan Tengah
generator,PLTD_Tumpung_Laung,114.816,-1.321,,,Kalimantan Tengah,1.04,Oil,substation,GI_Selat,114.3736,-3.0121,21,Kalimantan Tengah,Kalimantan Tengah
generator,PLTD_Buntok,114.822,-1.745,,,Kalimantan Tengah,4.01,Oil,substation,GI_Selat,114.3736,-3.0121,21,Kalimantan Tengah,Kalimantan Tengah
generator,PLTD_Tanjung_Jawa,114.835,-1.565,,,Kalimantan Tengah,0.22,Oil,substation,GI_Selat,114.3736,-3.0121,21,Kalimantan Tengah,Kalimantan Tengah
generator,PLTD_Babai,114.836,-1.954,,,Kalimantan Tengah,0.4,Oil,substation,GI_Selat,114.3736,-3.0121,21,Kalimantan Tengah,Kalimantan Tengah
generator,PLTD_Mangkatip,114.851,-2.224,,,Kalimantan Tengah,0.44,Oil,substation,GI_Selat,114.3736,-3.0121,21,Kalimantan Tengah,Kalimantan Tengah
generator,PLTD_Teluk_Betung,114.863,-1.978,,,Kalimantan Tengah,0.26,Oil,substation,GI_Selat,114.3736,-3.0121,21,Kalimantan Tengah,Kalimantan Tengah
generator,PLTD_Damparan,114.868,-2.138,,,Kalimantan Tengah,0.44,Oil,substation,GI_Selat,114.3736,-3.0121,21,Kalimantan Tengah,Kalimantan Tengah
generator,PLTD_Rangga_Ilung,114.871,-2.34,,,Kalimantan Tengah,0.5,Oil,substation,GI_Selat,114.3736,-3.0121,21,Kalimantan Tengah,Kalimantan Tengah
generator,PLTD_Pendang,114.874,-1.506,,,Kalimantan Tengah,0.3,Oil,substation,GI_Selat,114.3736,-3.0121,21,Kalimantan Tengah,Kalimantan Tengah
generator,PLTD_Muara_Teweh,114.883,-0.926,,,Kalimantan Tengah,8.81,Oil,substation,GI_Muara_Teweh,114.8658,-0.8672,37,Kalimantan Tengah,Kalimantan Tengah
generator,PLTD_Merawan_Lama,114.884,-1.451,,,Kalimantan Tengah,0.28,Oil,substation,GI_Selat,114.3736,-3.0121,21,Kalimantan Tengah,Kalimantan Tengah
generator,PLTD_Montalat,114.894,-1.323,,,Kalimantan Tengah,0.26,Oil,substation,GI_Selat,114.3736,-3.0121,21,Kalimantan Tengah,Kalimantan Tengah
generator,PLTD_Kayan_Hulu,114.91,1.785,,,Kalimantan Utara,1.275,Oil,substation,GI_Bulungan,117.3678,2.8101,63,Kalimantan Utara,Kalimantan Utara
generator,PLTD_Bundar,114.93,-1.478,,,Kalimantan Tengah,0.12,Oil,substation,GI_Selat,114.3736,-3.0121,21,Kalimantan Tengah,Kalimantan Tengah
generator,PLTD_Luwe_Hulu,114.941,-0.795,,,Kalimantan Tengah,0.48,Oil,substation,GI_Muara_Teweh,114.8658,-0.8672,37,Kalimantan Tengah,Kalimantan Tengah
generator,PLTD_Sabuh,114.976,-0.971,,,Kalimantan Tengah,0.22,Oil,substation,GI_Muara_Teweh,114.8658,-0.8672,37,Kalimantan Tengah,Kalimantan Tengah
generator,PLTD_Muara_Plantau,115.001,-1.939,,,Kalimantan Tengah,0.18,Oil,substation,GI_Buntok,114.9788,-1.7459,36,Kalimantan Tengah,Kalimantan Tengah
generator,PLTA_IR._PM_Noor,115.008,-3.516,,,Kalimantan Selatan,30,Run_of_River,substation,GI_Mantuil,114.627,-3.4236,24,Kalimantan Selatan,Kalimantan Selatan
generator,PLTD_Benangin,115.088,-0.978,,,Kalimantan Tengah,0.36,Oil,substation,GI_Buntok,114.9788,-1.7459,36,Kalimantan Tengah,Kalimantan Tengah
generator,PLTD_Asam_Asam,115.105,-3.925,,,Kalimantan Selatan,8.4,Oil,substation,GI_Asam-asam,115.1049,-3.9253,25,Kalimantan Selatan,Kalimantan Selatan
generator,PLTU_Asam_Asam_#01,115.105,-3.927,,,Kalimantan Selatan,65,Coal,substation,GI_Asam-asam,115.1049,-3.9253,25,Kalimantan Selatan,Kalimantan Selatan
generator,PLTU_Asam_Asam_#02,115.106,-3.926,,,Kalimantan Selatan,65,Coal,substation,GI_Asam-asam,115.1049,-3.9253,25,Kalimantan Selatan,Kalimantan Selatan
generator,PLTU_Asam_Asam_#03,115.106,-3.926,,,Kalimantan Selatan,65,Coal,substation,GI_Asam-asam,115.1049,-3.9253,25,Kalimantan Selatan,Kalimantan Selatan
generator,PLTU_Asam_Asam_#04,115.106,-3.926,,,Kalimantan Selatan,65,Coal,substation,GI_Asam-asam,115.1049,-3.9253,25,Kalimantan Selatan,Kalimantan Selatan
generator,PLTD_Kandui,115.119,-1.257,,,Kalimantan Tengah,1.13,Oil,substation,GI_Buntok,114.9788,-1.7459,36,Kalimantan Tengah,Kalimantan Tengah
generator,PLTU_Rimau_Electric,115.127,-2.018,,,Kalimantan Tengah,7,Coal,substation,GI_Bangkanai,115.126,-3.0289,38,Kalimantan Tengah,Kalimantan Tengah
generator,PLTMG_Bangkanai_Blok_#01,115.137,-0.622,,,Kalimantan Tengah,39.076,Gas,substation,GI_Bangkanai,115.1385,-0.6212,38,Kalimantan Tengah,Kalimantan Tengah
generator,PLTMG_Bangkanai_Blok_#02,115.137,-0.623,,,Kalimantan Tengah,39.076,Gas,substation,GI_Bangkanai,115.1385,-0.6212,38,Kalimantan Tengah,Kalimantan Tengah
generator,PLTMG_Bangkanai_Blok_#03,115.137,-0.623,,,Kalimantan Tengah,39.076,Gas,substation,GI_Bangkanai,115.1385,-0.6212,38,Kalimantan Tengah,Kalimantan Tengah
generator,PLTMG_Bangkanai_Blok_#04,115.137,-0.623,,,Kalimantan Tengah,39.076,Gas,substation,GI_Bangkanai,115.1385,-0.6212,38,Kalimantan Tengah,Kalimantan Tengah
generator,PLTD_ULD_Rantau_Bujur,115.199,-3.082,,,Kalimantan Selatan,0.42,Oil,substation,GI_Rantau,115.126,-3.0289,31,Kalimantan Selatan,Kalimantan Selatan
generator,PLTD_ULD_Benua_Riam,115.226,-3.094,,,Kalimantan Selatan,0.18,Oil,substation,GI_Rantau,115.126,-3.0289,31,Kalimantan Selatan,Kalimantan Selatan
generator,PLTD_Long_Bagun,115.237,0.226,,,Kalimantan Timur,0.3,Oil,substation,GI_Kariangau,116.792,-1.1657,44,Kalimantan Timur,Kalimantan Timur
generator,PLTD_Long_Bagun_Pemkab,115.257,0.206,,,Kalimantan Timur,0.52,Oil,substation,GI_Kariangau,116.792,-1.1657,44,Kalimantan Timur,Kalimantan Timur
generator,PLTD_Panangkalaan,115.262,-2.404,,,Kalimantan Selatan,8.534,Oil,substation,GI_Amuntai,115.2949,-2.4171,34,Kalimantan Selatan,Kalimantan Selatan
generator,PLTD_Barabai,115.376,-2.593,,,Kalimantan Selatan,6.672,Oil,substation,GI_Barikin,115.3276,-2.6843,32,Kalimantan Selatan,Kalimantan Selatan
generator,PLTU_Kalsel-1_(PT._Tanjung_Power_Indonesia)_#01,115.442,-2.162,,,Kalimantan Selatan,115,Coal,substation,GI_Tanjung,115.4505,-2.1953,35,Kalimantan Selatan,Kalimantan Selatan
generator,PLTU_Kalsel-1_(PT._Tanjung_Power_Indonesia)_#02,115.443,-2.162,,,Kalimantan Selatan,115,Coal,substation,GI_Tanjung,115.4505,-2.1953,35,Kalimantan Selatan,Kalimantan Selatan
generator,PLTU_PT._Makmur_Sejahtera_Wisesa,115.445,-2.158,,,Kalimantan Selatan,60,Coal,substation,GI_Tanjung,115.4505,-2.1953,35,Kalimantan Selatan,Kalimantan Selatan
generator,PLTD_Maburai,115.45,-2.195,,,Kalimantan Selatan,1.88,Oil,substation,GI_Tanjung,115.4505,-2.1953,35,Kalimantan Selatan,Kalimantan Selatan
generator,PLTD_Datah_Bilang,115.464,0.226,,,Kalimantan Timur,0.54,Oil,substation,GI_Kariangau,116.792,-1.1657,44,Kalimantan Timur,Kalimantan Timur
generator,PLTU_PT._Conch_South_Kalimantan_Cement_(SKC),115.57,-2.063,,,Kalimantan Selatan,15,Coal,substation,GI_Bandara,114.7553,-3.4725,30,Kalimantan Selatan,Kalimantan Selatan
generator,PLTD_Gunung_Purei_Unit_123,115.62,-1.133,,,Kalimantan Tengah,0.38,Oil,substation,GI_Bangkanai,115.1385,-0.6212,38,Kalimantan Tengah,Kalimantan Tengah
generator,PLTD_Long_Iram,115.633,0.013,,,Kalimantan Timur,1.44,Oil,substation,GI_Karangjoang,116.8777,-1.1488,45,Kalimantan Timur,Kalimantan Timur
generator,PLTD_Long_Iram_Pemkab,115.633,0.013,,,Kalimantan Timur,0.5,Oil,substation,GI_Karangjoang,116.8777,-1.1488,45,Kalimantan Timur,Kalimantan Timur
generator,PLTD_Krayan,115.7,3.883,,,Kalimantan Utara,0.8,Oil,substation,GI_Tideng_Pale,116.8411,3.5748,61,Kalimantan Utara,Kalimantan Utara
generator,PLTMH_Krayan_Pemkab,115.7,3.883,,,Kalimantan Utara,0.08,Run_of_River,substation,GI_Tideng_Pale,116.8411,3.5748,61,Kalimantan Utara,Kalimantan Utara
generator,PLTMH_Krayan,115.7,3.883,,,Kalimantan Utara,0.16,Run_of_River,substation,GI_Tideng_Pale,116.8411,3.5748,61,Kalimantan Utara,Kalimantan Utara
generator,PLTD_Dilang_Putih,115.766,-0.717,,,Kalimantan Timur,0.22,Oil,substation,GI_Kariangau,116.792,-1.1657,44,Kalimantan Timur,Kalimantan Timur
generator,PLTBg_Suka_Damai,115.773,-3.341,,,Kalimantan Selatan,2.4,Biogas,substation,GI_Pelaihari,114.7576,-3.7296,29,Kalimantan Selatan,Kalimantan Selatan
generator,PLTD_Sewa_Sentawar_Pemkab_Kubar,115.801,-0.242,,,Kalimantan Timur,5.2,Oil,substation,GI_Kotabangun,116.5953,-0.2716,53,Kalimantan Timur,Kalimantan Timur
generator,PLTD_Sentawar,115.801,-0.242,,,Kalimantan Timur,24.61,Oil,substation,GI_Kotabangun,116.5953,-0.2716,53,Kalimantan Timur,Kalimantan Timur
generator,PLTBg_Rea_Kaltim,115.801,-0.242,,,Kalimantan Timur,2,Biogas,substation,GI_Kotabangun,116.5953,-0.2716,53,Kalimantan Timur,Kalimantan Timur
generator,PLTD_Marabatuan,115.81,-4.369,,,Kalimantan Selatan,0.3,Oil,substation,GI_Satui,115.519,-3.7127,26,Kalimantan Selatan,Kalimantan Selatan
generator,PLTD_Muara_Komam,115.812,-1.675,,,Kalimantan Timur,2.79,Oil,substation,GI_Muara_Komam,115.8694,-1.828,39,Kalimantan Timur,Kalimantan Timur
generator,PLTD_Kelumpang,115.823,-0.173,,,Kalimantan Timur,0.12,Oil,substation,GI_Kotabangun,116.5953,-0.2716,53,Kalimantan Timur,Kalimantan Timur
generator,PLTD_Melak,115.831,-0.212,,,Kalimantan Timur,24.61,Oil,substation,GI_Kotabangun,116.5953,-0.2716,53,Kalimantan Timur,Kalimantan Timur
generator,PLTD_Melak_Sewatama,115.831,-0.212,,,Kalimantan Timur,4,Oil,substation,GI_Kotabangun,116.5953,-0.2716,53,Kalimantan Timur,Kalimantan Timur
generator,PLTD_Melak_Pemkab,115.832,-0.212,,,Kalimantan Timur,5.2,Oil,substation,GI_Kotabangun,116.5953,-0.2716,53,Kalimantan Timur,Kalimantan Timur
generator,PLTD_Melak_Kaltimex,115.832,-0.212,,,Kalimantan Timur,6,Oil,substation,GI_Kotabangun,116.5953,-0.2716,53,Kalimantan Timur,Kalimantan Timur
generator,PLTD_Batu_Sopang,115.912,-1.82,,,Kalimantan Timur,8.4,Oil,substation,GI_Muara_Komam,115.8694,-1.828,39,Kalimantan Timur,Kalimantan Timur
generator,PLTD_Tabisaq,115.921,-0.497,,,Kalimantan Timur,0.52,Oil,substation,GI_Muara_Komam,115.8694,-1.828,39,Kalimantan Timur,Kalimantan Timur
generator,PLTD_Tabang,115.927,0.673,,,Kalimantan Timur,0.53,Oil,substation,GI_Muara_Komam,115.8694,-1.828,39,Kalimantan Timur,Kalimantan Timur
generator,PLTD_Sengayam,115.995,-2.367,,,Kalimantan Selatan,1.78,Oil,substation,GI_Batulicin,115.9862,-3.4822,27,Kalimantan Selatan,Kalimantan Selatan
generator,PLTU_Dua_Samudera_Perkasa_(DSP),116.029,-3.309,,,Kalimantan Selatan,6,Coal,substation,GI_Batulicin,115.9862,-3.4822,27,Kalimantan Selatan,Kalimantan Selatan
generator,PLTD_Lontar,116.064,-3.978,,,Kalimantan Selatan,2.62,Oil,substation,GI_Satui,115.519,-3.7127,26,Kalimantan Selatan,Kalimantan Selatan
generator,PLTD_Muara_Pahu,116.064,-0.325,,,Kalimantan Timur,0.8,Oil,substation,GI_Kotabangun,116.5953,-0.2716,53,Kalimantan Timur,Kalimantan Timur
generator,PLTD_Kerang,116.082,-2.239,,,Kalimantan Timur,0.96,Oil,substation,GI_Kuaro,116.0945,-1.8032,40,Kalimantan Timur,Kalimantan Timur
generator,PLTD_Semaras,116.082,-3.823,,,Kalimantan Selatan,0.15,Oil,substation,GI_Satui,115.519,-3.7127,26,Kalimantan Selatan,Kalimantan Selatan
generator,PLTU_PT._Indocement_Tunggal_Perkasa,116.108,-3.273,,,Kalimantan Selatan,55,Coal,substation,GI_Kayutangi,114.6205,-3.2304,33,Kalimantan Selatan,Kalimantan Selatan
generator,PLTU_PT._Smart_Tarjun_Refinery,116.119,-3.271,,,Kalimantan Selatan,3.2,Coal,substation,GI_Kayutangi,114.6205,-3.2304,33,Kalimantan Selatan,Kalimantan Selatan
generator,PLTD_Long_Beluah,116.121,2.738,,,Kalimantan Utara,0.5,Oil,substation,GI_Bulungan,117.3678,2.8101,63,Kalimantan Utara,Kalimantan Utara
generator,PLTD_Tanjung_Isuy,116.14,-0.514,,,Kalimantan Timur,1.88,Oil,substation,GI_Kuaro,116.0945,-1.8032,40,Kalimantan Timur,Kalimantan Timur
generator,PLTD_Sei_Durian,116.162,-2.509,,,Kalimantan Selatan,1.09,Oil,substation,GI_Tanjung,115.4505,-2.1953,35,Kalimantan Selatan,Kalimantan Selatan
generator,PLTD_Kerumputan,116.172,-4.049,,,Kalimantan Selatan,0.46,Oil,substation,GI_Asam-asam,115.1049,-3.9253,25,Kalimantan Selatan,Kalimantan Selatan
generator,PLTD_Tanah_Grogot,116.18,-1.888,,,Kalimantan Timur,3.19,Oil,substation,GI_Grogot,116.1656,-1.8984,41,Kalimantan Timur,Kalimantan Timur
generator,PLTD_Sampanahan,116.187,-2.641,,,Kalimantan Selatan,1.77,Oil,substation,GI_Tanjung,115.4505,-2.1953,35,Kalimantan Selatan,Kalimantan Selatan
generator,PLTD_Bakau,116.196,-2.443,,,Kalimantan Selatan,0.46,Oil,substation,GI_Tanjung,115.4505,-2.1953,35,Kalimantan Selatan,Kalimantan Selatan
generator,PLTD_Kerasian,116.203,-4.027,,,Kalimantan Selatan,0.33,Oil,substation,GI_Asam-asam,115.1049,-3.9253,25,Kalimantan Selatan,Kalimantan Selatan
generator,PLTD_Geronggang,116.207,-2.857,,,Kalimantan Selatan,1.85,Oil,substation,GI_Tanjung,115.4505,-2.1953,35,Kalimantan Selatan,Kalimantan Selatan
generator,PLTD_Kerayaan,116.207,-4.091,,,Kalimantan Selatan,0.61,Oil,substation,GI_Asam-asam,115.1049,-3.9253,25,Kalimantan Selatan,Kalimantan Selatan
generator,PLTD_Kotabaru,116.212,-3.254,,,Kalimantan Selatan,15.47,Oil,substation,GI_Seberang_Barito,114.5522,-3.2767,22,Kalimantan Selatan,Kalimantan Selatan
generator,PLTD_Sewa_Kaltimex_Kotabaru,116.212,-3.254,,,Kalimantan Selatan,5.1,Oil,substation,GI_Seberang_Barito,114.5522,-3.2767,22,Kalimantan Selatan,Kalimantan Selatan
generator,PLTD_Tanjung_Batu,116.222,-3.005,,,Kalimantan Selatan,1,Oil,substation,GI_Seberang_Barito,114.5522,-3.2767,22,Kalimantan Selatan,Kalimantan Selatan
generator,PLTD_Penyinggahan,116.223,-0.387,,,Kalimantan Timur,0.56,Oil,substation,GI_Grogot,116.1656,-1.8984,41,Kalimantan Timur,Kalimantan Timur
generator,PLTD_Mara,116.239,2.75,,,Kalimantan Utara,0.5,Oil,substation,GI_Bulungan,117.3678,2.8101,63,Kalimantan Utara,Kalimantan Utara
generator,PLTD_Jantur,116.29,-0.42,,,Kalimantan Timur,0.724,Oil,substation,GI_Embalut,117.0518,-0.3816,51,Kalimantan Timur,Kalimantan Timur
generator,PLTD_Gn._Batu_Besar,116.294,-2.622,,,Kalimantan Selatan,0.51,Oil,substation,GI_Seberang_Barito,114.5522,-3.2767,22,Kalimantan Selatan,Kalimantan Selatan
generator,PLTD_Muara_Kedang,116.298,-0.567,,,Kalimantan Timur,0.42,Oil,substation,GI_Grogot,116.1656,-1.8984,41,Kalimantan Timur,Kalimantan Timur
generator,PLTD_Tanjung_Seloka,116.306,-3.9,,,Kalimantan Selatan,1.75,Oil,substation,GI_Asam-asam,115.1049,-3.9253,25,Kalimantan Selatan,Kalimantan Selatan
generator,PLTD_Mulyaharja,116.322,-2.35,,,Kalimantan Selatan,0.43,Oil,substation,GI_Seberang_Barito,114.5522,-3.2767,22,Kalimantan Selatan,Kalimantan Selatan
generator,PLTD_Muara_Aloh,116.352,-0.432,,,Kalimantan Timur,0.16,Oil,substation,GI_Longikis,116.3231,-1.5161,42,Kalimantan Timur,Kalimantan Timur
generator,PLTD_Gemar_Baru,116.376,0.801,,,Kalimantan Timur,0.48,Oil,substation,GI_Sangatta,117.5693,0.4701,59,Kalimantan Timur,Kalimantan Timur
generator,PLTD_Gemar_Baru_Pemkab,116.376,0.801,,,Kalimantan Timur,0.2,Oil,substation,GI_Sangatta,117.5693,0.4701,59,Kalimantan Timur,Kalimantan Timur
generator,PLTD_Sei_Bali,116.407,-3.408,,,Kalimantan Selatan,1.67,Oil,substation,GI_Asam-asam,115.1049,-3.9253,25,Kalimantan Selatan,Kalimantan Selatan
generator,PLTD_Tanjung_Samalantakan,116.415,-2.566,,,Kalimantan Selatan,0.49,Oil,substation,GI_Tanjung,115.4505,-2.1953,35,Kalimantan Selatan,Kalimantan Selatan
generator,PLTD_Semayang,116.452,-0.183,,,Kalimantan Timur,0.18,Oil,substation,GI_Longikis,116.3231,-1.5161,42,Kalimantan Timur,Kalimantan Timur
generator,PLTD_Muara_Muntai,116.474,-0.643,,,Kalimantan Timur,1.5,Oil,substation,GI_Longikis,116.3231,-1.5161,42,Kalimantan Timur,Kalimantan Timur
generator,PLTD_Lumbis_Ogong,116.548,3.93,,,Kalimantan Utara,0.5,Oil,substation,GI_Tideng_Pale,116.8411,3.5748,61,Kalimantan Utara,Kalimantan Utara
generator,PLTS_Lumbis_Ogong_ESDM,116.548,3.93,,,Kalimantan Utara,0.1,Solar,substation,GI_Tideng_Pale,116.8411,3.5748,61,Kalimantan Utara,Kalimantan Utara
generator,PLTD_Tanjung_Aru,116.584,-2.175,,,Kalimantan Timur,0.4,Oil,substation,GI_Longikis,116.3231,-1.5161,42,Kalimantan Timur,Kalimantan Timur
generator,PLTD_Malinau,116.611,3.541,,,Kalimantan Utara,10.64,Oil,substation,GI_Malinau,116.6286,3.5114,60,Kalimantan Utara,Kalimantan Utara
generator,PLTD_Malinau_Pemkab,116.611,3.541,,,Kalimantan Utara,7.672,Oil,substation,GI_Malinau,116.6286,3.5114,60,Kalimantan Utara,Kalimantan Utara
generator,PLTD_Malinau_Kaltimex,116.611,3.541,,,Kalimantan Utara,2,Oil,substation,GI_Malinau,116.6286,3.5114,60,Kalimantan Utara,Kalimantan Utara
generator,PLTD_Senyiur,116.623,0.312,,,Kalimantan Timur,0.48,Oil,substation,GI_Kotabangun,116.5953,-0.2716,53,Kalimantan Timur,Kalimantan Timur
generator,PLTD_Senyiur_Pemkab,116.623,0.312,,,Kalimantan Timur,0.4,Oil,substation,GI_Kotabangun,116.5953,-0.2716,53,Kalimantan Timur,Kalimantan Timur
generator,PLTD_Muara_Siran,116.636,-0.128,,,Kalimantan Timur,0.18,Oil,substation,GI_Kotabangun,116.5953,-0.2716,53,Kalimantan Timur,Kalimantan Timur
generator,PLTD_Petung,116.67,-1.342,,,Kalimantan Timur,5.812,Oil,substation,GI_Kotabangun,116.5953,-0.2716,53,Kalimantan Timur,Kalimantan Timur
generator,PLTD_Muara_Bengkal,116.674,0.437,,,Kalimantan Timur,4.548,Oil,substation,GI_Sangatta,117.5693,0.4701,59,Kalimantan Timur,Kalimantan Timur
generator,PLTD_Jenebora/Gresik,116.735,-1.186,,,Kalimantan Timur,0.76,Oil,substation,GI_Petung,116.6719,-1.3408,43,Kalimantan Timur,Kalimantan Timur
generator,PLTD_Long_Peso,116.781,2.691,,,Kalimantan Utara,0.443,Oil,substation,GI_Malinau,116.6286,3.5114,60,Kalimantan Utara,Kalimantan Utara
generator,PLTU_Teluk_Balikpapan_#01,116.789,-1.17,,,Kalimantan Timur,110,Coal,substation,GI_Petung,116.6719,-1.3408,43,Kalimantan Timur,Kalimantan Timur
generator,PLTU_Teluk_Balikpapan_#02,116.789,-1.17,,,Kalimantan Timur,110,Coal,substation,GI_Petung,116.6719,-1.3408,43,Kalimantan Timur,Kalimantan Timur
generator,PLTU_Kariangau_(PT._Kariangau_Power)_#01,116.801,-1.199,,,Kalimantan Timur,15,Coal,substation,GI_Kariangau,116.792,-1.1657,44,Kalimantan Timur,Kalimantan Timur
generator,PLTU_Kariangau_(PT._Kariangau_Power)_#02,116.801,-1.199,,,Kalimantan Timur,15,Coal,substation,GI_Kariangau,116.792,-1.1657,44,Kalimantan Timur,Kalimantan Timur
generator,PLTD_Sedulang,116.811,-0.125,,,Kalimantan Timur,0.44,Oil,substation,GI_Kariangau,116.792,-1.1657,44,Kalimantan Timur,Kalimantan Timur
generator,PLTD_Long_Segar,116.821,0.798,,,Kalimantan Timur,0.44,Oil,substation,GI_Kariangau,116.792,-1.1657,44,Kalimantan Timur,Kalimantan Timur
generator,PLTD_Batu_Ampar,116.831,0.679,,,Kalimantan Timur,0.4,Oil,substation,GI_Industri,116.8411,-1.262,47,Kalimantan Timur,Kalimantan Timur
generator,PLTU_PT._Kalimantan_Powerindo,116.837,-0.32,,,Kalimantan Timur,15,Coal,substation,GI_Kariangau,116.792,-1.1657,44,Kalimantan Timur,Kalimantan Timur
generator,PLTD_Gunung_Malang,116.841,-1.263,,,Kalimantan Timur,20.08,Oil,substation,GI_Industri,116.8411,-1.262,47,Kalimantan Timur,Kalimantan Timur
generator,PLTD_Muara_Wahau,116.843,1.045,,,Kalimantan Timur,6.894,Oil,substation,GI_Industri,116.8411,-1.262,47,Kalimantan Timur,Kalimantan Timur
generator,PLTD_Muara_Wahau_Altrak,116.843,1.045,,,Kalimantan Timur,3,Oil,substation,GI_Industri,116.8411,-1.262,47,Kalimantan Timur,Kalimantan Timur
generator,PLTD_CDE_Karang_Joang_(MFO),116.878,-1.149,,,Kalimantan Timur,30,Oil,substation,GI_Karangjoang,116.8777,-1.1488,45,Kalimantan Timur,Kalimantan Timur
generator,PLTD_KTT_Pemkab,116.933,3.608,,,Kalimantan Utara,3.68,Oil,substation,GI_Tideng_Pale,116.8411,3.5748,61,Kalimantan Utara,Kalimantan Utara
generator,PLTD_KTT,116.933,3.608,,,Kalimantan Utara,3.81,Oil,substation,GI_Tideng_Pale,116.8411,3.5748,61,Kalimantan Utara,Kalimantan Utara
generator,PLTD_Batakan_Unit,116.951,-1.238,,,Kalimantan Timur,12.16,Oil,substation,GI_Manggar_Sari,116.9488,-1.2383,46,Kalimantan Timur,Kalimantan Timur
generator,PLTD_Cogindo_(MFO),116.951,-1.238,,,Kalimantan Timur,40,Oil,substation,GI_Manggar_Sari,116.9488,-1.2383,46,Kalimantan Timur,Kalimantan Timur
generator,PLTD_Tulin_Onsoi,116.992,4.18,,,Kalimantan Utara,1,Oil,substation,GI_Tideng_Pale,116.8411,3.5748,61,Kalimantan Utara,Kalimantan Utara
generator,PLTS_Tulin_Onsoi_ESDM,116.992,4.18,,,Kalimantan Utara,0.1,Solar,substation,GI_Tideng_Pale,116.8411,3.5748,61,Kalimantan Utara,Kalimantan Utara
generator,PLTD_Sebuku,117.023,4.063,,,Kalimantan Utara,0.695,Oil,substation,GI_Tideng_Pale,116.8411,3.5748,61,Kalimantan Utara,Kalimantan Utara
generator,PLTS_Sebuku_ESDM,117.023,4.063,,,Kalimantan Utara,0.1,Solar,substation,GI_Tideng_Pale,116.8411,3.5748,61,Kalimantan Utara,Kalimantan Utara
generator,PLTU_Rimba_Raya,117.035,-0.547,,,Kalimantan Timur,7.5,Coal,substation,GI_Bukit_Biru,116.978,-0.456,52,Kalimantan Timur,Kalimantan Timur
generator,PLTD_Atap,117.049,3.855,,,Kalimantan Utara,0.3,Oil,substation,GI_Tideng_Pale,116.8411,3.5748,61,Kalimantan Utara,Kalimantan Utara
generator,PLTGU_Tanjung_Batu_#01,117.051,-0.382,,,Kalimantan Timur,20,Oil,substation,GI_Bukit_Biru,116.978,-0.456,52,Kalimantan Timur,Kalimantan Timur
generator,PLTGU_Tanjung_Batu_#02,117.051,-0.381,,,Kalimantan Timur,20,Oil,substation,GI_Bukit_Biru,116.978,-0.456,52,Kalimantan Timur,Kalimantan Timur
generator,PLTGU_Tanjung_Batu_#03,117.051,-0.381,,,Kalimantan Timur,20,Oil,substation,GI_Bukit_Biru,116.978,-0.456,52,Kalimantan Timur,Kalimantan Timur
generator,PLTG_Peaking_#01,117.052,-0.384,,,Kalimantan Timur,70,Oil,substation,GI_Embalut,117.0518,-0.3816,51,Kalimantan Timur,Kalimantan Timur
generator,PLTG_Peaking_#02,117.052,-0.384,,,Kalimantan Timur,70,Oil,substation,GI_Embalut,117.0518,-0.3816,51,Kalimantan Timur,Kalimantan Timur
generator,PLTU_Embalut_(PT._Cahaya_Fajar_Kaltim)_#01,117.062,-0.373,,,Kalimantan Timur,25,Coal,substation,GI_Embalut,117.0518,-0.3816,51,Kalimantan Timur,Kalimantan Timur
generator,PLTU_Embalut_(PT._Cahaya_Fajar_Kaltim)_#02,117.062,-0.373,,,Kalimantan Timur,25,Coal,substation,GI_Embalut,117.0518,-0.3816,51,Kalimantan Timur,Kalimantan Timur
generator,PLTU_Embalut_Ekspansi_(PT._Cahaya_Fajar_Kaltim),117.063,-0.373,,,Kalimantan Timur,50,Coal,substation,GI_Embalut,117.0518,-0.3816,51,Kalimantan Timur,Kalimantan Timur
generator,PLTU_Kaltim_4_(Ekspansi-2_Embalut)_#01,117.066,-0.364,,,Kalimantan Timur,115,Coal,substation,GI_Embalut,117.0518,-0.3816,51,Kalimantan Timur,Kalimantan Timur
generator,PLTU_Kaltim_4_(Ekspansi-2_Embalut)_#02,117.066,-0.364,,,Kalimantan Timur,115,Coal,substation,GI_Embalut,117.0518,-0.3816,51,Kalimantan Timur,Kalimantan Timur
generator,PLTD_Sekatak_Pemkab,117.07,3.307,,,Kalimantan Utara,0.426,Oil,substation,GI_Tideng_Pale,116.8411,3.5748,61,Kalimantan Utara,Kalimantan Utara
generator,PLTD_Sekatak,117.07,3.307,,,Kalimantan Utara,0.6,Oil,substation,GI_Tideng_Pale,116.8411,3.5748,61,Kalimantan Utara,Kalimantan Utara
generator,PLTU_Senoni_#01,117.093,-0.543,,,Kalimantan Timur,7.5,Coal,substation,GI_Harapan_Baru,117.1063,-0.547,49,Kalimantan Timur,Kalimantan Timur
generator,PLTU_Senoni_#02,117.093,-0.544,,,Kalimantan Timur,7.5,Coal,substation,GI_Harapan_Baru,117.1063,-0.547,49,Kalimantan Timur,Kalimantan Timur
generator,PLTD_Karang_Asam,117.114,-0.502,,,Kalimantan Timur,40,Oil,substation,GI_Tengkawang,117.1136,-0.5024,50,Kalimantan Timur,Kalimantan Timur
generator,PLTD_Gunung_Sari,117.116,2.185,,,Kalimantan Timur,0.57,Oil,substation,GI_Muara_Wahau,116.9215,1.0533,62,Kalimantan Timur,Kalimantan Timur
generator,PLTBm_Gunung_Sari_HHM,117.117,2.185,,,Kalimantan Timur,0.2,Biomass,substation,GI_Muara_Wahau,116.9215,1.0533,62,Kalimantan Timur,Kalimantan Timur
generator,PLTD_Kledang,117.122,-0.523,,,Kalimantan Timur,40.03,Oil,substation,GI_Tengkawang,117.1136,-0.5024,50,Kalimantan Timur,Kalimantan Timur
generator,PLTG_Senipah_#01,117.135,-0.988,,,Kalimantan Timur,46,Gas,substation,GI_Senipah,117.135,-0.9869,48,Kalimantan Timur,Kalimantan Timur
generator,PLTG_Senipah_#02,117.136,-0.987,,,Kalimantan Timur,46,Gas,substation,GI_Senipah,117.135,-0.9869,48,Kalimantan Timur,Kalimantan Timur
generator,PLTGU_Senipah_(ST),117.136,-0.987,,,Kalimantan Timur,29.55,Gas,substation,GI_Senipah,117.135,-0.9869,48,Kalimantan Timur,Kalimantan Timur
generator,PLTU_Mangkujenang,117.156,-0.539,,,Kalimantan Timur,4,Coal,substation,GI_Bukuan,117.193,-0.5832,54,Kalimantan Timur,Kalimantan Timur
generator,PLTU_MT_Kaltim_(Muara_Jawa)_#01,117.189,-0.78,,,Kalimantan Timur,33,Coal,substation,GI_Muara_Jawa,117.1886,-0.7806,55,Kalimantan Timur,Kalimantan Timur
generator,PLTU_MT_Kaltim_(Muara_Jawa)_#02,117.189,-0.78,,,Kalimantan Timur,33,Coal,substation,GI_Muara_Jawa,117.1886,-0.7806,55,Kalimantan Timur,Kalimantan Timur
generator,PLTD_Merasa,117.251,1.806,,,Kalimantan Timur,0.28,Oil,substation,GI_Sambutan,117.2139,-0.5242,56,Kalimantan Timur,Kalimantan Timur
generator,PLTG_Sambera_#01,117.291,-0.317,,,Kalimantan Timur,20,Oil,substation,GI_Muara_Badak,117.2925,-0.316,57,Kalimantan Timur,Kalimantan Timur
generator,PLTG_Sambera_#02,117.292,-0.317,,,Kalimantan Timur,20,Oil,substation,GI_Muara_Badak,117.2925,-0.316,57,Kalimantan Timur,Kalimantan Timur
generator,PLTD_Seimenggaris,117.341,4.188,,,Kalimantan Utara,0.6,Oil,substation,GI_Tideng_Pale,116.8411,3.5748,61,Kalimantan Utara,Kalimantan Utara
generator,PLTS_Seimenggaris_ESDM,117.341,4.188,,,Kalimantan Utara,0.1,Solar,substation,GI_Tideng_Pale,116.8411,3.5748,61,Kalimantan Utara,Kalimantan Utara
generator,PLTMG_Tanjung_Selor_Unit_2,117.367,2.814,,,Kalimantan Utara,8.912,Gas,substation,GI_Bulungan,117.3678,2.8101,63,Kalimantan Utara,Kalimantan Utara
generator,PLTMG_Tanjung_Selor_Unit_1,117.367,2.814,,,Kalimantan Utara,8.912,Gas,substation,GI_Bulungan,117.3678,2.8101,63,Kalimantan Utara,Kalimantan Utara
generator,PLTD_Selor,117.386,2.832,,,Kalimantan Utara,19.384,Oil,substation,GI_Bulungan,117.3678,2.8101,63,Kalimantan Utara,Kalimantan Utara
generator,PLTD_Selor_Sewatama,117.386,2.832,,,Kalimantan Utara,2,Oil,substation,GI_Bulungan,117.3678,2.8101,63,Kalimantan Utara,Kalimantan Utara
generator,PLTD_Selor_Makro,117.386,2.832,,,Kalimantan Utara,7.3,Oil,substation,GI_Bulungan,117.3678,2.8101,63,Kalimantan Utara,Kalimantan Utara
generator,PLTU_Tanjung_Redep_/_Berau_#02,117.393,2.156,,,Kalimantan Timur,9.13,Coal,substation,GI_Teluk_Pandan,117.435,0.1614,58,Kalimantan Timur,Kalimantan Timur
generator,PLTU_Tanjung_Redep_/_Berau_#01,117.393,2.156,,,Kalimantan Timur,9.5,Coal,substation,GI_Teluk_Pandan,117.435,0.1614,58,Kalimantan Timur,Kalimantan Timur
generator,PLTMG_Belimbing,117.451,0.166,,,Kalimantan Timur,8,Gas,substation,GI_Teluk_Pandan,117.435,0.1614,58,Kalimantan Timur,Kalimantan Timur
generator,PLTMG_Bontang_Wartsila_#01,117.454,0.137,,,Kalimantan Timur,6.97,Gas,substation,GI_Teluk_Pandan,117.435,0.1614,58,Kalimantan Timur,Kalimantan Timur
generator,PLTMG_MPP_Kaltim_#03,117.454,0.138,,,Kalimantan Timur,9.78,Gas,substation,GI_Teluk_Pandan,117.435,0.1614,58,Kalimantan Timur,Kalimantan Timur
generator,PLTMG_MPP_Kaltim_#04,117.454,0.138,,,Kalimantan Timur,9.78,Gas,substation,GI_Teluk_Pandan,117.435,0.1614,58,Kalimantan Timur,Kalimantan Timur
generator,PLTMG_MPP_Kaltim_#01,117.454,0.138,,,Kalimantan Timur,9.78,Gas,substation,GI_Teluk_Pandan,117.435,0.1614,58,Kalimantan Timur,Kalimantan Timur
generator,PLTMG_MPP_Kaltim_#02,117.454,0.138,,,Kalimantan Timur,9.78,Gas,substation,GI_Teluk_Pandan,117.435,0.1614,58,Kalimantan Timur,Kalimantan Timur
generator,PLTMG_Bontang_Wartsila_#02,117.454,0.137,,,Kalimantan Timur,6.97,Gas,substation,GI_Teluk_Pandan,117.435,0.1614,58,Kalimantan Timur,Kalimantan Timur
generator,PLTD_Bontang,117.459,0.145,,,Kalimantan Timur,27.59,Oil,substation,GI_Teluk_Pandan,117.435,0.1614,58,Kalimantan Timur,Kalimantan Timur
generator,PLTU_Kaltim_(FTP2)_Unit_1,117.492,0.054,,,Kalimantan Timur,100,Coal,substation,GI_Teluk_Pandan,117.435,0.1614,58,Kalimantan Timur,Kalimantan Timur
generator,PLTU_Kaltim_(FTP2)_Unit_2,117.492,0.055,,,Kalimantan Timur,125,Coal,substation,GI_Teluk_Pandan,117.435,0.1614,58,Kalimantan Timur,Kalimantan Timur
generator,PLTU_PT._Kaltim_Daya_Mandiri,117.497,0.175,,,Kalimantan Timur,34,Coal,substation,GI_Teluk_Pandan,117.435,0.1614,58,Kalimantan Timur,Kalimantan Timur
generator,PLTD_Sambaliung,117.511,2.158,,,Kalimantan Timur,15.918,Oil,substation,GI_Sangatta,117.5693,0.4701,59,Kalimantan Timur,Kalimantan Timur
generator,PLTD_Samabliung_Kaltimex,117.511,2.158,,,Kalimantan Timur,3,Oil,substation,GI_Sangatta,117.5693,0.4701,59,Kalimantan Timur,Kalimantan Timur
generator,PLTU_PT._Sumber_Alam_Sekurau_(SAS),117.521,2.794,,,Kalimantan Utara,7.5,Coal,substation,GI_Bulungan,117.3678,2.8101,63,Kalimantan Utara,Kalimantan Utara
generator,PLTD_Tanah_Merah,117.54,3.764,,,Kalimantan Utara,0.43,Oil,substation,GI_Tideng_Pale,116.8411,3.5748,61,Kalimantan Utara,Kalimantan Utara
generator,PLTD_Sepaso,117.561,0.756,,,Kalimantan Timur,4.49,Oil,substation,GI_Teluk_Pandan,117.435,0.1614,58,Kalimantan Timur,Kalimantan Timur
generator,PLTD_Sepaso_Pemkab,117.561,0.756,,,Kalimantan Timur,0.92,Oil,substation,GI_Teluk_Pandan,117.435,0.1614,58,Kalimantan Timur,Kalimantan Timur
generator,PLTD_Muara_Pantuan,117.569,-0.58,,,Kalimantan Timur,0.36,Oil,substation,GI_Sambutan,117.2139,-0.5242,56,Kalimantan Timur,Kalimantan Timur
generator,PLTS_Kayan_Hulu_ESDM,117.595,3.304,,,Kalimantan Utara,0.1,Solar,substation,GI_Malinau,116.6286,3.5114,60,Kalimantan Utara,Kalimantan Utara
generator,PLTD_Tarakan,117.595,3.304,,,Kalimantan Utara,15.264,Oil,substation,GI_Malinau,116.6286,3.5114,60,Kalimantan Utara,Kalimantan Utara
generator,PLTD_Sewa_Tarakan,117.595,3.303,,,Kalimantan Utara,17,Oil,substation,GI_Malinau,116.6286,3.5114,60,Kalimantan Utara,Kalimantan Utara
generator,PLTMG_Gunung_Belah_#01,117.596,3.304,,,Kalimantan Utara,6,Gas,substation,GI_Malinau,116.6286,3.5114,60,Kalimantan Utara,Kalimantan Utara
generator,PLTMG_Gunung_Belah_#02,117.596,3.304,,,Kalimantan Utara,6,Gas,substation,GI_Malinau,116.6286,3.5114,60,Kalimantan Utara,Kalimantan Utara
generator,PLTG_PLN_Tarakan_#01,117.596,3.303,,,Kalimantan Utara,15.7,Gas,substation,GI_Malinau,116.6286,3.5114,60,Kalimantan Utara,Kalimantan Utara
generator,PLTMG_PLN_Tarakan,117.596,3.303,,,Kalimantan Utara,30,Gas,substation,GI_Malinau,116.6286,3.5114,60,Kalimantan Utara,Kalimantan Utara
generator,PLTG_PLN_Tarakan_#02,117.596,3.304,,,Kalimantan Utara,23.6,Gas,substation,GI_Malinau,116.6286,3.5114,60,Kalimantan Utara,Kalimantan Utara
generator,PLTU_PT._Idec_Abadi_Wood_Industries_(AWI),117.612,3.292,,,Kalimantan Utara,7,Coal,substation,GI_Malinau,116.6286,3.5114,60,Kalimantan Utara,Kalimantan Utara
generator,PLTU_Lati_(PT._Indo_Pusaka_Berau),117.619,2.215,,,Kalimantan Timur,21,Coal,substation,GI_Sangatta,117.5693,0.4701,59,Kalimantan Timur,Kalimantan Timur
generator,PLTU_Sangatta_(PT._Kaltim_Prima_Coal)_Ex_Sektor_Mahakam,117.635,0.539,,,Kalimantan Timur,18,Coal,substation,GI_Sangatta,117.5693,0.4701,59,Kalimantan Timur,Kalimantan Timur
generator,PLTD_Nunukan,117.64,4.134,,,Kalimantan Utara,11.198,Oil,substation,GI_Tideng_Pale,116.8411,3.5748,61,Kalimantan Utara,Kalimantan Utara
generator,PLTD_Nunukan_Pemkab,117.64,4.134,,,Kalimantan Utara,7.02,Oil,substation,GI_Tideng_Pale,116.8411,3.5748,61,Kalimantan Utara,Kalimantan Utara
generator,PLTD_Karangan,117.673,1.35,,,Kalimantan Timur,1,Oil,substation,GI_Sangatta,117.5693,0.4701,59,Kalimantan Timur,Kalimantan Timur
generator,PLTBm_Karangan_DL,117.673,1.35,,,Kalimantan Timur,0.35,Biomass,substation,GI_Sangatta,117.5693,0.4701,59,Kalimantan Timur,Kalimantan Timur
generator,PLTD_Pengadan,117.673,1.35,,,Kalimantan Timur,0.62,Oil,substation,GI_Sangatta,117.5693,0.4701,59,Kalimantan Timur,Kalimantan Timur
generator,PLTS_Sebatik_ESDM,117.802,4.153,,,Kalimantan Utara,0.2,Solar,substation,GI_Tideng_Pale,116.8411,3.5748,61,Kalimantan Utara,Kalimantan Utara
generator,PLTD_Bunyu,117.845,3.469,,,Kalimantan Utara,1,Oil,substation,GI_Malinau,116.6286,3.5114,60,Kalimantan Utara,Kalimantan Utara
generator,PLTD_Tubaan,117.859,1.818,,,Kalimantan Timur,0.455,Oil,substation,GI_Sangatta,117.5693,0.4701,59,Kalimantan Timur,Kalimantan Timur
generator,PLTD_Sebatik,117.909,4.147,,,Kalimantan Utara,6.712,Oil,substation,GI_Tideng_Pale,116.8411,3.5748,61,Kalimantan Utara,Kalimantan Utara
generator,PLTS_Sebatik,117.909,4.147,,,Kalimantan Utara,0.34,Solar,substation,GI_Tideng_Pale,116.8411,3.5748,61,Kalimantan Utara,Kalimantan Utara
generator,PLTD_Sangkulirang,117.98,0.986,,,Kalimantan Timur,3,Oil,substation,GI_Sangatta,117.5693,0.4701,59,Kalimantan Timur,Kalimantan Timur
generator,PLTD_Sangkulirang_Pemkab,117.98,0.986,,,Kalimantan Timur,0.8,Oil,substation,GI_Sangatta,117.5693,0.4701,59,Kalimantan Timur,Kalimantan Timur
generator,PLTD_Tanjung_Batu,118.092,2.278,,,Kalimantan Selatan,1.43,Oil,substation,GI_Barikin,115.3276,-2.6843,32,Kalimantan Selatan,Kalimantan Selatan
generator,PLTD_Talisayan_Pemkab,118.177,1.605,,,Kalimantan Timur,0.8,Oil,substation,GI_Sangatta,117.5693,0.4701,59,Kalimantan Timur,Kalimantan Timur
generator,PLTD_Talisayan,118.177,1.605,,,Kalimantan Timur,2.25,Oil,substation,GI_Sangatta,117.5693,0.4701,59,Kalimantan Timur,Kalimantan Timur
generator,PLTD_Talisayan_PT_IPB,118.177,1.605,,,Kalimantan Timur,1,Oil,substation,GI_Sangatta,117.5693,0.4701,59,Kalimantan Timur,Kalimantan Timur
generator,PLTBm_Talisayan_DL,118.177,1.605,,,Kalimantan Timur,0.26,Biomass,substation,GI_Sangatta,117.5693,0.4701,59,Kalimantan Timur,Kalimantan Timur
generator,PLTD_Derawan,118.243,2.286,,,Kalimantan Timur,1.27,Oil,substation,GI_Sangatta,117.5693,0.4701,59,Kalimantan Timur,Kalimantan Timur
generator,PLTS_Derawan,118.243,2.286,,,Kalimantan Timur,0.09,Oil,substation,GI_Sangatta,117.5693,0.4701,59,Kalimantan Timur,Kalimantan Timur
generator,PLTD_Batu_Putih,118.446,1.352,,,Kalimantan Timur,0.82,Oil,substation,GI_Sangatta,117.5693,0.4701,59,Kalimantan Timur,Kalimantan Timur
generator,PLTD_Biduk-Biduk,118.746,1.216,,,Kalimantan Timur,1.64,Oil,substation,GI_Sangatta,117.5693,0.4701,59,Kalimantan Timur,Kalimantan Timur
substation,GI_Sambas,109.2688,1.3429,,,Kalimantan Barat,,,substation,GI_Singkawang,108.9876,0.9266,1,Kalimantan Barat,
substation,GI_Singkawang,108.9876,0.9266,,,Kalimantan Barat,,,substation,GI_PLTU_2_Kalbar,108.8653,0.83,3,Kalimantan Barat,
substation,GI_PLTU_2_Kalbar,108.8653,0.83,,,Kalimantan Barat,,,substation,GI_PLTU_3_Kalbar,108.8747,0.8361,2,Kalimantan Barat,
substation,GI_Singkawang,108.9876,0.9266,,,Kalimantan Barat,,,substation,GI_Senggiring,108.9853,0.3162,4,Kalimantan Barat,
substation,GI_Senggiring,108.9853,0.3162,,,Kalimantan Barat,,,substation,GI_Parit_Baru,109.2055,0.0592,5,Kalimantan Barat,
substation,GI_Parit_Baru,109.2055,0.0592,,,Kalimantan Barat,,,substation,GI_Kota_Baru,109.2987,-0.0754,6,Kalimantan Barat,
substation,GI_Parit_Baru,109.2055,0.0592,,,Kalimantan Barat,,,substation,GI_Siantan,109.328,-0.0002,7,Kalimantan Barat,
substation,GI_Siantan,109.328,-0.0002,,,Kalimantan Barat,,,substation,GI_Sei_Raya,109.3809,-0.0735,8,Kalimantan Barat,
substation,GI_Siantan,109.328,-0.0002,,,Kalimantan Barat,,,substation,GI_Tayan,110.0932,0.0015,9,Kalimantan Barat,
substation,GI_Tayan,110.0932,0.0015,,,Kalimantan Barat,,,substation,GI_Ngabang,110.001,0.3534,10,Kalimantan Barat,
substation,GI_Ngabang,110.001,0.3534,,,Kalimantan Barat,,,substation,GI_Bengkayang,109.4967,0.9056,11,Kalimantan Barat,
substation,GI_Bengkayang,109.4967,0.9056,,,Kalimantan Barat,,,substation,GI_Singkawang,108.9876,0.9266,1,Kalimantan Barat,
substation,GI_Bengkayang,109.4967,0.9056,,,Kalimantan Barat,,,substation,GITET_Bengkayang,109.4966,0.9066,12,Kalimantan Barat,
substation,GI_Pangkalanbun,111.7037,-2.6152,,,Kalimantan Tengah,,,substation,GI_Sampit,112.9207,-2.4816,14,Kalimantan Tengah,
substation,GI_PLTU_Sampit,112.9101,-2.7625,,,Kalimantan Tengah,,,substation,GI_Sampit,112.9207,-2.4816,14,Kalimantan Tengah,
substation,GI_Sampit,112.9207,-2.4816,,,Kalimantan Tengah,,,substation,GI_Kasongan,113.4337,-1.9002,16,Kalimantan Tengah,
substation,GI_Kasongan,113.4337,-1.9002,,,Kalimantan Tengah,,,substation,GI_Palangkaraya,113.8739,-2.1748,17,Kalimantan Tengah,
substation,GI_Palangkaraya,113.8739,-2.1748,,,Kalimantan Tengah,,,substation,GI_Sebangau,113.9302,-2.2748,18,Kalimantan Tengah,
substation,GI_Sebangau,113.9302,-2.2748,,,Kalimantan Tengah,,,substation,GI_Pulau_Pisang,114.2547,-2.7316,19,Kalimantan Tengah,
substation,GI_Pulau_Pisang,114.2547,-2.7316,,,Kalimantan Tengah,,,substation,GI_S_Mintin,114.2086,-2.8214,20,Kalimantan Tengah,
substation,GI_S_Mintin,114.2086,-2.8214,,,Kalimantan Tengah,,,substation,GI_Selat,114.3736,-3.0121,21,Kalimantan Tengah,
substation,GI_Selat,114.3736,-3.0121,,,Kalimantan Tengah,,,substation,GI_Seberang_Barito,114.5522,-3.2767,22,Kalimantan Selatan,
substation,GI_Seberang_Barito,114.5522,-3.2767,,,Kalimantan Selatan,,,substation,GI_Trisakti,114.571,-3.3094,23,Kalimantan Selatan,
substation,GI_Trisakti,114.571,-3.3094,,,Kalimantan Selatan,,,substation,GI_Mantuil,114.627,-3.4236,24,Kalimantan Selatan,
substation,GI_Mantuil,114.627,-3.4236,,,Kalimantan Selatan,,,substation,GI_Asam-asam,115.1049,-3.9253,25,Kalimantan Selatan,
substation,GI_Asam-asam,115.1049,-3.9253,,,Kalimantan Selatan,,,substation,GI_Satui,115.519,-3.7127,26,Kalimantan Selatan,
substation,GI_Satui,115.519,-3.7127,,,Kalimantan Selatan,,,substation,GI_Batulicin,115.9862,-3.4822,27,Kalimantan Selatan,
substation,GI_Asam-asam,115.1049,-3.9253,,,Kalimantan Selatan,,,substation,GI_Pelaihari,114.7576,-3.7296,29,Kalimantan Selatan,
substation,GI_Pelaihari,114.7576,-3.7296,,,Kalimantan Selatan,,,substation,GI_Cempaka,114.8499,-3.4658,28,Kalimantan Selatan,
substation,GI_Mantuil,114.627,-3.4236,,,Kalimantan Selatan,,,substation,GI_Bandara,114.7553,-3.4725,30,Kalimantan Selatan,
substation,GI_Bandara,114.7553,-3.4725,,,Kalimantan Selatan,,,substation,GI_Cempaka,114.8499,-3.4658,28,Kalimantan Selatan,
substation,GI_Cempaka,114.8499,-3.4658,,,Kalimantan Selatan,,,substation,GI_Rantau,115.126,-3.0289,31,Kalimantan Selatan,
substation,GI_Rantau,115.126,-3.0289,,,Kalimantan Selatan,,,substation,GI_Barikin,115.3276,-2.6843,32,Kalimantan Selatan,
substation,GI_Seberang_Barito,114.5522,-3.2767,,,Kalimantan Selatan,,,substation,GI_Kayutangi,114.6205,-3.2304,33,Kalimantan Selatan,
substation,GI_Kayutangi,114.6205,-3.2304,,,Kalimantan Selatan,,,substation,GI_Barikin,115.3276,-2.6843,32,Kalimantan Selatan,
substation,GI_Barikin,115.3276,-2.6843,,,Kalimantan Selatan,,,substation,GI_Amuntai,115.2949,-2.4171,34,Kalimantan Selatan,
substation,GI_Barikin,115.3276,-2.6843,,,Kalimantan Selatan,,,substation,GI_Tanjung,115.4505,-2.1953,35,Kalimantan Selatan,
substation,GI_Tanjung,115.4505,-2.1953,,,Kalimantan Selatan,,,substation,GI_Buntok,114.9788,-1.7459,36,Kalimantan Tengah,
substation,GI_Buntok,114.9788,-1.7459,,,Kalimantan Tengah,,,substation,GI_Muara_Teweh,114.8658,-0.8672,37,Kalimantan Tengah,
substation,GI_Muara_Teweh,114.8658,-0.8672,,,Kalimantan Tengah,,,substation,GI_Bangkanai,115.1385,-0.6212,38,Kalimantan Tengah,
substation,GI_Tanjung,115.4505,-2.1953,,,Kalimantan Selatan,,,substation,GI_Muara_Komam,115.8694,-1.828,39,Kalimantan Timur,
substation,GI_Muara_Komam,115.8694,-1.828,,,Kalimantan Timur,,,substation,GI_Kuaro,116.0945,-1.8032,40,Kalimantan Timur,
substation,GI_Kuaro,116.0945,-1.8032,,,Kalimantan Timur,,,substation,GI_Grogot,116.1656,-1.8984,41,Kalimantan Timur,
substation,GI_Kuaro,116.0945,-1.8032,,,Kalimantan Timur,,,substation,GI_Longikis,116.3231,-1.5161,42,Kalimantan Timur,
substation,GI_Longikis,116.3231,-1.5161,,,Kalimantan Timur,,,substation,GI_Petung,116.6719,-1.3408,43,Kalimantan Timur,
substation,GI_Petung,116.6719,-1.3408,,,Kalimantan Timur,,,substation,GI_Kariangau,116.792,-1.1657,44,Kalimantan Timur,
substation,GI_Kariangau,116.792,-1.1657,,,Kalimantan Timur,,,substation,GI_Karangjoang,116.8777,-1.1488,45,Kalimantan Timur,
substation,GI_Karangjoang,116.8777,-1.1488,,,Kalimantan Timur,,,substation,GI_Manggar_Sari,116.9488,-1.2383,46,Kalimantan Timur,
substation,GI_Manggar_Sari,116.9488,-1.2383,,,Kalimantan Timur,,,substation,GI_Industri,116.8411,-1.262,47,Kalimantan Timur,
substation,GI_Manggar_Sari,116.9488,-1.2383,,,Kalimantan Timur,,,substation,GI_Senipah,117.135,-0.9869,48,Kalimantan Timur,
substation,GI_Karangjoang,116.8777,-1.1488,,,Kalimantan Timur,,,substation,GI_Harapan_Baru,117.1063,-0.547,49,Kalimantan Timur,
substation,GI_Harapan_Baru,117.1063,-0.547,,,Kalimantan Timur,,,substation,GI_Tengkawang,117.1136,-0.5024,50,Kalimantan Timur,
substation,GI_Tengkawang,117.1136,-0.5024,,,Kalimantan Timur,,,substation,GI_Embalut,117.0518,-0.3816,51,Kalimantan Timur,
substation,GI_Embalut,117.0518,-0.3816,,,Kalimantan Timur,,,substation,GI_Bukit_Biru,116.978,-0.456,52,Kalimantan Timur,
substation,GI_Bukit_Biru,116.978,-0.456,,,Kalimantan Timur,,,substation,GI_Kotabangun,116.5953,-0.2716,53,Kalimantan Timur,
substation,GI_Harapan_Baru,117.1063,-0.547,,,Kalimantan Timur,,,substation,GI_Bukuan,117.193,-0.5832,54,Kalimantan Timur,
substation,GI_Bukuan,117.193,-0.5832,,,Kalimantan Timur,,,substation,GI_Muara_Jawa,117.1886,-0.7806,55,Kalimantan Timur,
substation,GI_Bukuan,117.193,-0.5832,,,Kalimantan Timur,,,substation,GI_Sambutan,117.2139,-0.5242,56,Kalimantan Timur,
substation,GI_Sambutan,117.2139,-0.5242,,,Kalimantan Timur,,,substation,GI_Muara_Badak,117.2925,-0.316,57,Kalimantan Timur,
substation,GI_Muara_Badak,117.2925,-0.316,,,Kalimantan Timur,,,substation,GI_Teluk_Pandan,117.435,0.1614,58,Kalimantan Timur,
substation,GI_Teluk_Pandan,117.435,0.1614,,,Kalimantan Timur,,,substation,GI_Sangatta,117.5693,0.4701,59,Kalimantan Timur,
substation,GI_Malinau,116.6286,3.5114,,,Kalimantan Utara,,,substation,GI_Tideng_Pale,116.8411,3.5748,61,Kalimantan Utara,
substation,GI_Muara_Wahau,116.9215,1.0533,,,Kalimantan Timur,,,substation,GI_Sangatta,117.5693,0.4701,59,Kalimantan Timur,
substation,GI_Muara_Wahau,116.9215,1.0533,,,Kalimantan Timur,,,substation,GI_Bulungan,117.3678,2.8101,63,Kalimantan Utara,
substation,GI_Bulungan,117.3678,2.8101,,,Kalimantan Utara,,,substation,GI_Malinau,116.6286,3.5114,60,Kalimantan Utara,
