type,node0,node1,coords0,coords1,lon0,lat0,lon1,lat1,length_m
substation,GI_Sambas,GI_Singkawang,"109.2688,1.3429","108.9876,0.9266",109.2688,1.3429,108.9876,0.9266,59200
substation,GI_Singkawang,GI_PLTU_2_Kalbar,"108.9876,0.9266","108.8653,0.83",108.9876,0.9266,108.8653,0.83,20829
substation,GI_PLTU_2_Kalbar,GI_PLTU_3_Kalbar,"108.8653,0.83","108.8747,0.8361",108.8653,0.83,108.8747,0.8361,1393
substation,GI_Singkawang,GI_Senggiring,"108.9876,0.9266","108.9853,0.3162",108.9876,0.9266,108.9853,0.3162,70613
substation,GI_Senggiring,GI_Parit_Baru,"108.9853,0.3162","109.2055,0.0592",108.9853,0.3162,109.2055,0.0592,42848
substation,GI_Parit_Baru,GI_Kota_Baru,"109.2055,0.0592","109.2987,-0.0754",109.2055,0.0592,109.2987,-0.0754,22011
substation,GI_Parit_Baru,GI_Siantan,"109.2055,0.0592","109.328,-0.0002",109.2055,0.0592,109.328,-0.0002,16708
substation,GI_Siantan,GI_Sei_Raya,"109.328,-0.0002","109.3809,-0.0735",109.328,-0.0002,109.3809,-0.0735,18140
substation,GI_Siantan,GI_Tayan,"109.328,-0.0002","110.0932,0.0015",109.328,-0.0002,110.0932,0.0015,99173
substation,GI_Tayan,GI_Ngabang,"110.0932,0.0015","110.001,0.3534",110.0932,0.0015,110.001,0.3534,47271
substation,GI_Ngabang,GI_Bengkayang,"110.001,0.3534","109.4967,0.9056",110.001,0.3534,109.4967,0.9056,95473
substation,GI_Bengkayang,GI_Singkawang,"109.4967,0.9056","108.9876,0.9266",109.4967,0.9056,108.9876,0.9266,73947
substation,GI_Bengkayang,GITET_Bengkayang,"109.4967,0.9056","109.4966,0.9066",109.4967,0.9056,109.4966,0.9066,104
substation,GI_Pangkalanbun,GI_Sampit,"111.7037,-2.6152","112.9207,-2.4816",111.7037,-2.6152,112.9207,-2.4816,162004
substation,GI_PLTU_Sampit,GI_Sampit,"112.9101,-2.7625","112.9207,-2.4816",112.9101,-2.7625,112.9207,-2.4816,40323
substation,GI_Sampit,GI_Kasongan,"112.9207,-2.4816","113.4337,-1.9002",112.9207,-2.4816,113.4337,-1.9002,106631
substation,GI_Kasongan,GI_Palangkaraya,"113.4337,-1.9002","113.8739,-2.1748",113.4337,-1.9002,113.8739,-2.1748,65985
substation,GI_Palangkaraya,GI_Sebangau,"113.8739,-2.1748","113.9302,-2.2748",113.8739,-2.1748,113.9302,-2.2748,14309
substation,GI_Sebangau,GI_Pulau_Pisang,"113.9302,-2.2748","114.2547,-2.7316",113.9302,-2.2748,114.2547,-2.7316,71353
substation,GI_Pulau_Pisang,GI_S_Mintin,"114.2547,-2.7316","114.2086,-2.8214",114.2547,-2.7316,114.2086,-2.8214,13191
substation,GI_S_Mintin,GI_Selat,"114.2086,-2.8214","114.3736,-3.0121",114.2086,-2.8214,114.3736,-3.0121,28124
substation,GI_Selat,GI_Seberang_Barito,"114.3736,-3.0121","114.5522,-3.2767",114.3736,-3.0121,114.5522,-3.2767,41211
substation,GI_Seberang_Barito,GI_Trisakti,"114.5522,-3.2767","114.571,-3.3094",114.5522,-3.2767,114.571,-3.3094,5487
substation,GI_Trisakti,GI_Mantuil,"114.571,-3.3094","114.627,-3.4236",114.571,-3.3094,114.627,-3.4236,15387
substation,GI_Mantuil,GI_Asam-asam,"114.627,-3.4236","115.1049,-3.9253",114.627,-3.4236,115.1049,-3.9253,99901
substation,GI_Asam-asam,GI_Satui,"115.1049,-3.9253","115.519,-3.7127",115.1049,-3.9253,115.519,-3.7127,53115
substation,GI_Satui,GI_Batulicin,"115.519,-3.7127","115.9862,-3.4822",115.519,-3.7127,115.9862,-3.4822,63741
substation,GI_Asam-asam,GI_Pelaihari,"115.1049,-3.9253","114.7576,-3.7296",115.1049,-3.9253,114.7576,-3.7296,58919
substation,GI_Pelaihari,GI_Cempaka,"114.7576,-3.7296","114.8499,-3.4658",114.7576,-3.7296,114.8499,-3.4658,33123
substation,GI_Mantuil,GI_Bandara,"114.627,-3.4236","114.7553,-3.4725",114.627,-3.4236,114.7553,-3.4725,16075
substation,GI_Bandara,GI_Cempaka,"114.7553,-3.4725","114.8499,-3.4658",114.7553,-3.4725,114.8499,-3.4658,10746
substation,GI_Cempaka,GI_Rantau,"114.8499,-3.4658","115.126,-3.0289",114.8499,-3.4658,115.126,-3.0289,60632
substation,GI_Rantau,GI_Barikin,"115.126,-3.0289","115.3276,-2.6843",115.126,-3.0289,115.3276,-2.6843,46202
substation,GI_Seberang_Barito,GI_Kayutangi,"114.5522,-3.2767","114.6205,-3.2304",114.5522,-3.2767,114.6205,-3.2304,18645
substation,GI_Kayutangi,GI_Barikin,"114.6205,-3.2304","115.3276,-2.6843",114.6205,-3.2304,115.3276,-2.6843,105161
substation,GI_Barikin,GI_Amuntai,"115.3276,-2.6843","115.2949,-2.4171",115.3276,-2.6843,115.2949,-2.4171,30461
substation,GI_Barikin,GI_Tanjung,"115.3276,-2.6843","115.4505,-2.1953",115.3276,-2.6843,115.4505,-2.1953,59659
substation,GI_Tanjung,GI_Buntok,"115.4505,-2.1953","114.9788,-1.7459",115.4505,-2.1953,114.9788,-1.7459,79010
substation,GI_Buntok,GI_Muara_Teweh,"114.9788,-1.7459","114.8658,-0.8672",114.9788,-1.7459,114.8658,-0.8672,118070
substation,GI_Muara_Teweh,GI_Bangkanai,"114.8658,-0.8672","115.1385,-0.6212",114.8658,-0.8672,115.1385,-0.6212,43641
substation,GI_Tanjung,GI_Muara_Komam,"115.4505,-2.1953","115.8694,-1.828",115.4505,-2.1953,115.8694,-1.828,94666
substation,GI_Muara_Komam,GI_Kuaro,"115.8694,-1.828","116.0945,-1.8032",115.8694,-1.828,116.0945,-1.8032,27589
substation,GI_Kuaro,GI_Grogot,"116.0945,-1.8032","116.1656,-1.8984",116.0945,-1.8032,116.1656,-1.8984,14658
substation,GI_Kuaro,GI_Longikis,"116.0945,-1.8032","116.3231,-1.5161",116.0945,-1.8032,116.3231,-1.5161,44832
substation,GI_Longikis,GI_Petung,"116.3231,-1.5161","116.6719,-1.3408",116.3231,-1.5161,116.6719,-1.3408,44514
substation,GI_Petung,GI_Kariangau,"116.6719,-1.3408","116.792,-1.1657",116.6719,-1.3408,116.792,-1.1657,48163
substation,GI_Kariangau,GI_Karangjoang,"116.792,-1.1657","116.8777,-1.1488",116.792,-1.1657,116.8777,-1.1488,11473
substation,GI_Karangjoang,GI_Manggar_Sari,"116.8777,-1.1488","116.9488,-1.2383",116.8777,-1.1488,116.9488,-1.2383,13749
substation,GI_Manggar_Sari,GI_Industri,"116.9488,-1.2383","116.8411,-1.262",116.9488,-1.2383,116.8411,-1.262,13615
substation,GI_Manggar_Sari,GI_Senipah,"116.9488,-1.2383","117.135,-0.9869",116.9488,-1.2383,117.135,-0.9869,42687
substation,GI_Karangjoang,GI_Harapan_Baru,"116.8777,-1.1488","117.1063,-0.547",116.8777,-1.1488,117.1063,-0.547,75274
substation,GI_Harapan_Baru,GI_Tengkawang,"117.1063,-0.547","117.1136,-0.5024",117.1063,-0.547,117.1136,-0.5024,8310
substation,GI_Tengkawang,GI_Embalut,"117.1136,-0.5024","117.0518,-0.3816",117.1136,-0.5024,117.0518,-0.3816,15935
substation,GI_Embalut,GI_Bukit_Biru,"117.0518,-0.3816","116.978,-0.456",117.0518,-0.3816,116.978,-0.456,20491
substation,GI_Bukit_Biru,GI_Kotabangun,"116.978,-0.456","116.5953,-0.2716",116.978,-0.456,116.5953,-0.2716,53727
substation,GI_Harapan_Baru,GI_Bukuan,"117.1063,-0.547","117.193,-0.5832",117.1063,-0.547,117.193,-0.5832,10867
substation,GI_Bukuan,GI_Muara_Jawa,"117.193,-0.5832","117.1886,-0.7806",117.193,-0.5832,117.1886,-0.7806,28882
substation,GI_Bukuan,GI_Sambutan,"117.193,-0.5832","117.2139,-0.5242",117.193,-0.5832,117.2139,-0.5242,7177
substation,GI_Sambutan,GI_Muara_Badak,"117.2139,-0.5242","117.2925,-0.316",117.2139,-0.5242,117.2925,-0.316,27134
substation,GI_Muara_Badak,GI_Teluk_Pandan,"117.2925,-0.316","117.435,0.1614",117.2925,-0.316,117.435,0.1614,57500
substation,GI_Teluk_Pandan,GI_Sangatta,"117.435,0.1614","117.5693,0.4701",117.435,0.1614,117.5693,0.4701,42347
substation,GI_Malinau,GI_Tideng_Pale,"116.6286,3.5114","116.8411,3.5748",116.6286,3.5114,116.8411,3.5748,28625
generator,PLTD_Trisakti,,,,114.572,-3.31,,,
generator,PLTD_Kuala_Kapuas,,,,114.374,-3.012,,,
generator,PLTD_Barabai,,,,115.376,-2.593,,,
generator,PLTD_Panangkalaan,,,,115.262,-2.404,,,
generator,PLTD_Maburai,,,,115.45,-2.195,,,
generator,PLTA_IR._PM_Noor,,,,115.008,-3.516,,,
generator,PLTD_Asam_Asam,,,,115.105,-3.925,,,
generator,PLTD_Karang_Asam,,,,117.114,-0.502,,,
generator,PLTD_Bontang,,,,117.459,0.145,,,
generator,PLTD_Kledang,,,,117.122,-0.523,,,
generator,PLTU_Mangkujenang,,,,117.156,-0.539,,,
generator,PLTD_Tanah_Grogot,,,,116.18,-1.888,,,
generator,PLTD_Petung,,,,116.67,-1.342,,,
generator,PLTD_Batu_Sopang,,,,115.912,-1.82,,,
generator,PLTD_Long_Ikis,,,,116.187,-1.6,,,
generator,PLTD_Gunung_Malang,,,,116.841,-1.263,,,
generator,PLTD_Batakan_Unit,,,,116.951,-1.238,,,
generator,PLTD_Cogindo_(MFO),,,,116.951,-1.238,,,
generator,PLTD_CDE_Karang_Joang_(MFO),,,,116.878,-1.149,,,
generator,PLTD_Muara_Komam,,,,115.812,-1.675,,,
generator,PLTD_Kerang,,,,116.082,-2.239,,,
generator,PLTD_Tanjung_Aru,,,,116.584,-2.175,,,
generator,PLTD_Jenebora/Gresik,,,,116.735,-1.186,,,
generator,PLTD_Siantan,,,,109.327,-0.002,,,
generator,PLTD_Sei_Raya,,,,109.38,-0.072,,,
generator,PLTD_Sudirman,,,,108.998,0.911,,,
generator,PLTD_Sei_Wie,,,,108.987,0.926,,,
generator,PLTBm_PT._Rezeki,,,,109.286,0.011,,,
generator,PLTD_Sewa_Ake,,,,109.328,-0.001,,,
generator,PLTD_Artiduta,,,,109.38,-0.074,,,
generator,PLTD_Bugak_Berawang,,,,109.203,0.061,,,
generator,PLTA_SESCO_275,,,,110.35,1.354,,,
generator,PLTD_Muara_Bengkal,,,,116.674,0.437,,,
generator,PLTD_Muara_Wahau,,,,116.843,1.045,,,
generator,PLTD_Sepaso,,,,117.561,0.756,,,
generator,PLTD_Sepaso_Pemkab,,,,117.561,0.756,,,
generator,PLTD_Sepaso_KPC,,,,117.561,0.756,,,
generator,PLTD_Sepaso_Altrak,,,,117.561,0.756,,,
generator,PLTD_Sangkulirang,,,,117.98,0.986,,,
generator,PLTD_Sangkulirang_Pemkab,,,,117.98,0.986,,,
generator,PLTD_Sewa_Sentawar_Pemkab_Kubar,,,,115.801,-0.242,,,
generator,PLTD_Sentawar,,,,115.801,-0.242,,,
generator,PLTD_Melak,,,,115.831,-0.212,,,
generator,PLTD_Sambaliung,,,,117.511,2.158,,,
generator,PLTD_Malinau,,,,116.611,3.541,,,
generator,PLTD_Selor,,,,117.386,2.832,,,
generator,PLTD_Kahayan/Area_Palangka_Raya,,,,113.874,-1.827,,,
generator,PLTD_Rayon_Sampit,,,,112.969,-2.516,,,
generator,PLTD_Pangkalan_Bun,,,,111.731,-2.73,,,
generator,PLTD_Rayon_Nanga_Bulik,,,,111.469,-2.187,,,
generator,PLTD_Sewa_PGL_Pangkalan_Bun,,,,111.731,-2.73,,,
generator,PLTD_Sewa_Kaltimex_Pangkalan_Bun,,,,111.731,-2.73,,,
generator,PLTD_Sewa_UPM_Pangkalan_Banteng,,,,111.824,-2.607,,,
generator,PLTD_Sewa_Kaltimex_Sampit,,,,112.97,-2.516,,,
generator,PLTD_Kotabaru,,,,116.212,-3.254,,,
generator,PLTBm_Kotawaringin_Barat,,,,111.967,-2.052,,,
generator,PLTD_Kumai,,,,111.728,-2.725,,,
generator,PLTD_Muara_Teweh,,,,114.883,-0.926,,,
generator,PLTD_Puruk_Cahu,,,,114.583,-0.583,,,
generator,PLTD_Buntok,,,,114.822,-1.745,,,
generator,PLTD_Sukaharja,,,,109.977,-1.802,,,
generator,PLTD_Kendawangan_Kanan,,,,110.207,-2.532,,,
generator,PLTD_Air_Hitam,,,,110.625,-2.793,,,
generator,PLTD_Tanjung_Satai,,,,109.682,-1.208,,,
generator,PLTD_Dusun_Besar,,,,109.461,-1.11,,,
generator,PLTD_Sandai,,,,110.524,-1.234,,,
generator,PLTD_Balai_Bekuak,,,,110.369,-0.522,,,
generator,PLTD_Aur_Kuning,,,,110.486,-0.954,,,
generator,PLTD_Ulak_Medang,,,,110.29,-1.678,,,
generator,PLTD_Sampurna,,,,110.455,-1.184,,,
generator,PLTD_Tumbang_Titi,,,,110.611,-1.846,,,
generator,PLTD_Manis_Mata,,,,111.028,-2.448,,,
generator,PLTD_Marau,,,,110.708,-2.125,,,
generator,PLTMH_Batu_Menang,,,,110.959,-1.984,,,
generator,PLTD_Nanga_Tayap,,,,110.563,-1.516,,,
generator,PLTD_Teluk_Melano,,,,109.951,-1.135,,,
generator,PLTD_Air_Upas,,,,110.8,-2.303,,,
generator,PLTBm_PT_Alas_Kusuma,,,,109.972,-1.782,,,
generator,PLTD_PT._Sewatama_Ketapang_1,,,,109.977,-1.802,,,
generator,PLTD_PT._Koperasi_Induk_PLN_KTP,,,,109.977,-1.802,,,
generator,PLTD_PT._Tan_Energi_Marau,,,,110.708,-2.125,,,
generator,PLTD_PT._Aggreko_Nanga_Tayap,,,,110.572,-1.567,,,
generator,PLTD_Sambas,,,,109.296,1.36,,,
generator,PLTMH_Sajingan,,,,109.643,1.62,,,
generator,PLTD_Bengkayang,,,,109.477,0.819,,,
generator,PLTMH_Merasap,,,,109.744,1.124,,,
generator,PLTD_Cempaka_Putih,,,,110.057,1.073,,,
generator,PLTD_Lemukutan,,,,108.712,0.76,,,
generator,PLTD_Area_Singkawang,,,,108.98,0.912,,,
generator,PLTS_Temajuk,,,,109.597,2.007,,,
generator,PLTS_Sidding,,,,110.071,1.252,,,
generator,PLTD_Temajuk,,,,109.602,1.997,,,
generator,PLTMH_Serawak_Energi_BHD_Sajingan_(B),,,,109.68,1.609,,,
generator,PLTD_Pulau_Limbung,,,,109.859,-0.268,,,
generator,PLTS_Pulau_Limbung,,,,109.859,-0.268,,,
generator,PLTD_Tanjung_Saleh,,,,109.148,-0.108,,,
generator,PLTD_Sepuk_Laut,,,,109.078,-0.222,,,
generator,PLTD_Ngabang,,,,109.864,0.386,,,
generator,PLTD_Padang_Tikar,,,,109.272,0.682,,,
generator,PLTD_Batu_Ampar,,,,109.537,0.749,,,
generator,PLTBm_PT_Harjohn_Timber,,,,109.447,-0.179,,,
generator,PLTD_Semboja,,,,110.56,0.135,,,
generator,PLTD_Teraju,,,,110.104,-0.23,,,
generator,PLTD_Kuala_Buayan,,,,110.382,0.106,,,
generator,PLTD_Balai_Karangan,,,,110.828,0.435,,,
generator,PLTD_Sekadau,,,,110.89,0.021,,,
generator,PLTD_Belitang,,,,111.24,0.131,,,
generator,PLTD_Balai_Sepuak,,,,111.206,0.442,,,
generator,PLTD_Menyurai,,,,111.511,0.086,,,
generator,PLTD_Nanga_Silat,,,,111.788,0.343,,,
generator,PLTD_Senaning,,,,111.032,0.908,,,
generator,PLTD_Nanga_Merakai,,,,111.517,0.688,,,
generator,PLTD_Ketungau,,,,111.62,0.357,,,
generator,PLTD_Tebidah,,,,112.184,0.252,,,
generator,PLTD_Sinar_Pekayau,,,,111.082,0.333,,,
generator,PLTD_Nanga_Lebang,,,,111.644,0.218,,,
generator,PLTD_Sidomulyo_Pinoh,,,,111.707,-0.342,,,
generator,PLTD_Kota_Baru,,,,111.542,-0.8,,,
generator,PLTD_Serawai,,,,112.439,-0.331,,,
generator,PLTD_Manukung,,,,112.227,-0.418,,,
generator,PLTD_Nanga_Ella,,,,112.003,-0.398,,,
generator,PLTD_Nanga_Sayan,,,,111.676,-0.714,,,
generator,PLTD_Bora,,,,111.764,-0.628,,,
generator,PLTMH_Bora,,,,111.775,-0.633,,,
generator,PLTD_Tontang,,,,112.223,-0.269,,,
generator,PLTD_Kalan,,,,111.741,-0.336,,,
generator,PLTD_Kayan,,,,111.69,-0.172,,,
generator,PLTD_Kemangai,,,,112.71,-0.243,,,
generator,PLTD_Sawai,,,,112.927,0.885,,,
generator,PLTD_Semitau,,,,111.96,0.543,,,
generator,PLTD_Bunut,,,,112.655,0.528,,,
generator,PLTD_Jongkong,,,,112.278,0.665,,,
generator,PLTD_Embaloh,,,,112.602,0.831,,,
generator,PLTD_Lanjak,,,,112.238,1.034,,,
generator,PLTD_Tepuai,,,,112.303,0.37,,,
generator,PLTD_Seberuang,,,,111.888,0.465,,,
generator,PLTD_Nanga_Erak,,,,113.154,0.372,,,
generator,PLTD_Belikai,,,,112.137,0.33,,,
generator,PLTD_Kantuk,,,,110.607,0.124,,,
generator,PLTD_Piasak,,,,112.723,0.659,,,
generator,PLTD_Nibung,,,,112.178,0.334,,,
generator,PLTD_Ujung_Said,,,,112.378,0.67,,,
generator,PLTD_Pulau_Majang,,,,111.994,0.901,,,
generator,PLTD_Ulak_Pauk,,,,112.491,1.062,,,
generator,PLTD_Badau,,,,111.903,1.044,,,
generator,PLTD_Jasa,,,,111.148,1.004,,,
generator,PLTMH_Serawak_Energi_BHD_Badau_(B),,,,111.872,1.033,,,
generator,PLTMH_Serawak_Energi_BHD_Balai_Karangan_(B),,,,110.355,0.988,,,
generator,PLTD_Sewatama_Semboja,,,,110.56,0.135,,,
generator,PLTD_Aggreko_Semboja,,,,110.56,0.134,,,
generator,PLTD_ENSAS_Sekadau,,,,110.89,0.021,,,
generator,PLTD_Aggreko_Menyurai,,,,111.511,0.085,,,
generator,PLTD_Sewatama_Pinoh,,,,111.707,-0.342,,,
generator,PLTD_Makro_SPE_Pinoh,,,,111.707,-0.342,,,
generator,PLTD_Makro_SPE_Balai_Karanga,,,,110.828,0.435,,,
generator,PLTD_Makro_SPE_Kota_Baru,,,,111.542,0.8,,,
generator,PLTD_Makro_Sintang,,,,111.511,0.085,,,
generator,PLTD_ULD_Benua_Riam,,,,115.226,-3.094,,,
generator,PLTD_ULD_Rantau_Bujur,,,,115.199,-3.082,,,
generator,PLTD_ULD_Tumbang_Jutuh,,,,113.572,-1.289,,,
generator,PLTD_ULD_Tumbang_Talaken,,,,113.378,-1.361,,,
generator,PLTD_ULD_Tewah,,,,112.122,-1.936,,,
generator,PLTD_ULD_Tumbang_Miri,,,,113.55,-0.916,,,
generator,PLTD_ULD_Tumbang_Tambirah,,,,113.823,-1.065,,,
generator,PLTD_ULD_Tumbang_Miwan,,,,113.872,-1.217,,,
generator,PLTD_ULD_Tumbang_Kaman,,,,113.093,-1.346,,,
generator,PLTD_ULD_Tumbang_Hiran,,,,112.691,-1.188,,,
generator,PLTD_ULD_Tumbang_Senamang,,,,112.425,-1.161,,,
generator,PLTD_ULD_Telaga,,,,113.33,-2.421,,,
generator,PLTD_Pagatan,,,,113.33,-3.256,,,
generator,PLTD_Telaga_Pulang,,,,112.27,-2.864,,,
generator,PLTD_Mendawai,,,,113.269,-2.989,,,
generator,PLTD_Pangkut,,,,111.92,-2.192,,,
generator,PLTD_Kenambui,,,,111.792,-2.476,,,
generator,PLTD_Rantau_Pulut,,,,112.186,-2.048,,,
generator,PLTD_Sukamandang,,,,112.186,-2.048,,,
generator,PLTD_Tumbang_Manjul,,,,111.928,-1.301,,,
generator,PLTD_Kuala_Jelai,,,,110.739,-2.985,,,
generator,PLTD_Balai_Riam,,,,111.182,-2.992,,,
generator,PLTD_Mentobi_Raya,,,,111.694,-1.986,,,
generator,PLTD_Kudangan,,,,111.043,-1.61,,,
generator,PLTD_Tapin_Bini,,,,111.317,-1.892,,,
generator,PLTBg_Maju_Aneka_Sawit,,,,112.542,-2.38,,,
generator,PLTBg_Sukajadi_Sawit_Mekar,,,,112.455,-2.399,,,
generator,PLTBg_Unggul_Lestari,,,,112.598,-1.596,,,
generator,PLTD_UPM_Parenggean,,,,112.653,-1.881,,,
generator,PLTBm_Korintiga_Hutani,,,,111.824,-2.607,,,
generator,PLTD_Gn._Batu_Besar,,,,116.294,-2.622,,,
generator,PLTD_Sei_Bali,,,,116.407,-3.408,,,
generator,PLTD_Semaras,,,,116.082,-3.823,,,
generator,PLTD_Lontar,,,,116.064,-3.978,,,
generator,PLTD_Kerasian,,,,116.203,-4.027,,,
generator,PLTD_Tanjung_Seloka,,,,116.306,-3.9,,,
generator,PLTD_Geronggang,,,,116.207,-2.857,,,
generator,PLTD_Tanjung_Batu,,,,116.222,-3.005,,,
generator,PLTD_Sampanahan,,,,116.187,-2.641,,,
generator,PLTD_Sei_Durian,,,,116.162,-2.509,,,
generator,PLTD_Sengayam,,,,115.995,-2.367,,,
generator,PLTD_Marabatuan,,,,115.81,-4.369,,,
generator,PLTD_Tanjung_Samalantakan,,,,116.415,-2.566,,,
generator,PLTD_Bakau,,,,116.196,-2.443,,,
generator,PLTD_Mulyaharja,,,,116.322,-2.35,,,
generator,PLTD_Kerayaan,,,,116.207,-4.091,,,
generator,PLTD_Kerumputan,,,,116.172,-4.049,,,
generator,PLTD_Sewa_Kaltimex_Kotabaru,,,,116.212,-3.254,,,
generator,PLTD_Timpah,,,,114.479,-1.719,,,
generator,PLTD_Sebangau,,,,113.639,-3.148,,,
generator,PLTD_Pujon,,,,114.364,-1.349,,,
generator,PLTD_Sungai_Hanyu,,,,114.016,-0.927,,,
generator,PLTD_Pendang,,,,114.874,-1.506,,,
generator,PLTD_Tanjung_Jawa,,,,114.835,-1.565,,,
generator,PLTD_Muara_Plantau,,,,115.001,-1.939,,,
generator,PLTD_Bundar,,,,114.93,-1.478,,,
generator,PLTD_Merawan_Lama,,,,114.884,-1.451,,,
generator,PLTD_Babai,,,,114.836,-1.954,,,
generator,PLTD_Mangkatip,,,,114.851,-2.224,,,
generator,PLTD_Teluk_Betung,,,,114.863,-1.978,,,
generator,PLTD_Rangga_Ilung,,,,114.871,-2.34,,,
generator,PLTD_Damparan,,,,114.868,-2.138,,,
generator,PLTD_Benangin,,,,115.088,-0.978,,,
generator,PLTD_Tumpung_Laung,,,,114.816,-1.321,,,
generator,PLTD_Luwe_Hulu,,,,114.941,-0.795,,,
generator,PLTD_Montalat,,,,114.894,-1.323,,,
generator,PLTD_Kandui,,,,115.119,-1.257,,,
generator,PLTD_Sabuh,,,,114.976,-0.971,,,
generator,PLTD_Muara_Laung,,,,114.732,-0.599,,,
generator,PLTD_Tumbang_Lahung,,,,114.302,-0.695,,,
generator,PLTD_PT._Kaltimex_Energy_(Puruk_Cahu),,,,114.583,-0.583,,,
generator,PLTD_Karangan,,,,117.673,1.35,,,
generator,PLTBm_Karangan_DL,,,,117.673,1.35,,,
generator,PLTD_Pengadan,,,,117.673,1.35,,,
generator,PLTD_Muara_Wahau_Altrak,,,,116.843,1.045,,,
generator,PLTD_Batu_Ampar,,,,116.831,0.679,,,
generator,PLTD_Senyiur,,,,116.623,0.312,,,
generator,PLTD_Senyiur_Pemkab,,,,116.623,0.312,,,
generator,PLTD_Long_Segar,,,,116.821,0.798,,,
generator,PLTD_Gemar_Baru,,,,116.376,0.801,,,
generator,PLTD_Gemar_Baru_Pemkab,,,,116.376,0.801,,,
generator,PLTD_Muara_Pantuan,,,,117.569,-0.58,,,
generator,PLTD_Melak_Pemkab,,,,115.832,-0.212,,,
generator,PLTD_Melak_Sewatama,,,,115.831,-0.212,,,
generator,PLTD_Melak_Kaltimex,,,,115.832,-0.212,,,
generator,PLTD_Long_Iram,,,,115.633,0.013,,,
generator,PLTD_Long_Iram_Pemkab,,,,115.633,0.013,,,
generator,PLTD_Muara_Pahu,,,,116.064,-0.325,,,
generator,PLTD_Datah_Bilang,,,,115.464,0.226,,,
generator,PLTD_Long_Bagun,,,,115.237,0.226,,,
generator,PLTD_Long_Bagun_Pemkab,,,,115.257,0.206,,,
generator,PLTD_Dilang_Putih,,,,115.766,-0.717,,,
generator,PLTD_Tabisaq,,,,115.921,-0.497,,,
generator,PLTD_Kelumpang,,,,115.823,-0.173,,,
generator,PLTD_Muara_Muntai,,,,116.474,-0.643,,,
generator,PLTD_Penyinggahan,,,,116.223,-0.387,,,
generator,PLTD_Tanjung_Isuy,,,,116.14,-0.514,,,
generator,PLTD_Muara_Siran,,,,116.636,-0.128,,,
generator,PLTD_Muara_Kedang,,,,116.298,-0.567,,,
generator,PLTD_Semayang,,,,116.452,-0.183,,,
generator,PLTD_Jantur,,,,116.29,-0.42,,,
generator,PLTD_Tabang,,,,115.927,0.673,,,
generator,PLTD_Muara_Aloh,,,,116.352,-0.432,,,
generator,PLTD_Sedulang,,,,116.811,-0.125,,,
generator,PLTD_Long_Apari,,,,114.534,0.812,,,
generator,PLTD_Long_Pahangai,,,,114.709,0.883,,,
generator,PLTBg_Rea_Kaltim,,,,115.801,-0.242,,,
generator,PLTD_Samabliung_Kaltimex,,,,117.511,2.158,,,
generator,PLTD_Bunyu,,,,117.845,3.469,,,
generator,PLTD_Atap,,,,117.049,3.855,,,
generator,PLTD_Tanah_Merah,,,,117.54,3.764,,,
generator,PLTD_Sekatak_Pemkab,,,,117.07,3.307,,,
generator,PLTD_Sekatak,,,,117.07,3.307,,,
generator,PLTD_Malinau_Pemkab,,,,116.611,3.541,,,
generator,PLTD_Biduk-Biduk,,,,118.746,1.216,,,
generator,PLTD_Malinau_Kaltimex,,,,116.611,3.541,,,
generator,PLTD_KTT_Pemkab,,,,116.933,3.608,,,
generator,PLTD_KTT,,,,116.933,3.608,,,
generator,PLTD_Selor_Sewatama,,,,117.386,2.832,,,
generator,PLTD_Selor_Makro,,,,117.386,2.832,,,
generator,PLTD_Long_Peso,,,,116.781,2.691,,,
generator,PLTD_Mara,,,,116.239,2.75,,,
generator,PLTD_Long_Beluah,,,,116.121,2.738,,,
generator,PLTD_Nunukan,,,,117.64,4.134,,,
generator,PLTD_Nunukan_Pemkab,,,,117.64,4.134,,,
generator,PLTD_Sebatik,,,,117.909,4.147,,,
generator,PLTS_Sebatik,,,,117.909,4.147,,,
generator,PLTD_Tanjung_Batu,,,,118.092,2.278,,,
generator,PLTD_Talisayan_Pemkab,,,,118.177,1.605,,,
generator,PLTD_Talisayan,,,,118.177,1.605,,,
generator,PLTD_Talisayan_PT_IPB,,,,118.177,1.605,,,
generator,PLTBm_Talisayan_DL,,,,118.177,1.605,,,
generator,PLTD_Gunung_Sari,,,,117.116,2.185,,,
generator,PLTBm_Gunung_Sari_HHM,,,,117.117,2.185,,,
generator,PLTD_Derawan,,,,118.243,2.286,,,
generator,PLTS_Derawan,,,,118.243,2.286,,,
generator,PLTD_Batu_Putih,,,,118.446,1.352,,,
generator,PLTD_Merasa,,,,117.251,1.806,,,
generator,PLTD_Tubaan,,,,117.859,1.818,,,
generator,PLTD_Krayan,,,,115.7,3.883,,,
generator,PLTMH_Krayan_Pemkab,,,,115.7,3.883,,,
generator,PLTMH_Krayan,,,,115.7,3.883,,,
generator,PLTD_Seimenggaris,,,,117.341,4.188,,,
generator,PLTS_Seimenggaris_ESDM,,,,117.341,4.188,,,
generator,PLTD_Sebuku,,,,117.023,4.063,,,
generator,PLTS_Sebuku_ESDM,,,,117.023,4.063,,,
generator,PLTD_Tulin_Onsoi,,,,116.992,4.18,,,
generator,PLTS_Tulin_Onsoi_ESDM,,,,116.992,4.18,,,
generator,PLTS_Sebatik_ESDM,,,,117.802,4.153,,,
generator,PLTD_Lumbis_Ogong,,,,116.548,3.93,,,
generator,PLTS_Lumbis_Ogong_ESDM,,,,116.548,3.93,,,
generator,PLTD_Kayan_Hulu,,,,114.91,1.785,,,
generator,PLTS_Kayan_Hulu_ESDM,,,,117.595,3.304,,,
generator,PLTD_Tarakan,,,,117.595,3.304,,,
generator,PLTD_Sewa_Tarakan,,,,117.595,3.303,,,
generator,PLTG_Trisakti,,,,114.57,-3.31,,,
generator,PLTMG_Bangkanai_Blok_#01,,,,115.137,-0.622,,,
generator,PLTMG_Bangkanai_Blok_#02,,,,115.137,-0.623,,,
generator,PLTMG_Bangkanai_Blok_#03,,,,115.137,-0.623,,,
generator,PLTMG_Bangkanai_Blok_#04,,,,115.137,-0.623,,,
generator,PLTU_Asam_Asam_#01,,,,115.105,-3.927,,,
generator,PLTU_Asam_Asam_#02,,,,115.106,-3.926,,,
generator,PLTU_Asam_Asam_#03,,,,115.106,-3.926,,,
generator,PLTU_Asam_Asam_#04,,,,115.106,-3.926,,,
generator,PLTU_Pulang_Pisau_#01,,,,114.209,-2.823,,,
generator,PLTU_Pulang_Pisau_#02,,,,114.209,-2.823,,,
generator,PLTMG_Bontang_Wartsila_#01,,,,117.454,0.137,,,
generator,PLTMG_MPP_Kaltim_#03,,,,117.454,0.138,,,
generator,PLTMG_MPP_Kaltim_#04,,,,117.454,0.138,,,
generator,PLTMG_MPP_Kaltim_#01,,,,117.454,0.138,,,
generator,PLTMG_MPP_Kaltim_#02,,,,117.454,0.138,,,
generator,PLTMG_Bontang_Wartsila_#02,,,,117.454,0.137,,,
generator,PLTU_Teluk_Balikpapan_#01,,,,116.789,-1.17,,,
generator,PLTU_Teluk_Balikpapan_#02,,,,116.789,-1.17,,,
generator,PLTGU_Tanjung_Batu_#01,,,,117.051,-0.382,,,
generator,PLTGU_Tanjung_Batu_#02,,,,117.051,-0.381,,,
generator,PLTGU_Tanjung_Batu_#03,,,,117.051,-0.381,,,
generator,PLTG_Peaking_#01,,,,117.052,-0.384,,,
generator,PLTG_Peaking_#02,,,,117.052,-0.384,,,
generator,PLTG_Sambera_#01,,,,117.291,-0.317,,,
generator,PLTG_Sambera_#02,,,,117.292,-0.317,,,
generator,PLTG_Siantan,,,,109.327,-0.001,,,
generator,PLTU_Parit_Baru_Site Bengkayang #01,,,,108.874,0.837,,,
generator,PLTU_Sanggau_#01,,,,110.556,0.03,,,
generator,PLTU_Sanggau_#02,,,,110.556,0.03,,,
generator,PLTU_Sintang_#01,,,,111.434,0.074,,,
generator,PLTU_Sintang_#02,,,,111.434,0.074,,,
generator,PLTU_Sintang_#03,,,,111.434,0.074,,,
generator,PLTU_Ketapang_#01,,,,109.942,-1.782,,,
generator,PLTU_Ketapang_#02,,,,109.942,-1.782,,,
generator,PLTMG_Kaltimex,,,,117.053,-0.383,,,
generator,PLTMG_SW_Petung_(PT._Benuo_Taka_Energy)_#01,,,,116.74,-1.291,,,
generator,PLTMG_SW_Petung_(PT._Benuo_Taka_Energy)_#02,,,,116.74,-1.291,,,
generator,PLTMG_SW_Petung_(PT._Benuo_Taka_Energy)_#03,,,,116.74,-1.291,,,
generator,PLTMG_SW_Petung_(PT._Benuo_Taka_Energy)_#04,,,,116.74,-1.291,,,
generator,PLTU_PT._Conch_South_Kalimantan_Cement_(SKC),,,,115.57,-2.063,,,
generator,PLTU_Dua_Samudera_Perkasa_(DSP),,,,116.029,-3.309,,,
generator,PLTU_Rimau_Electric,,,,115.127,-2.018,,,
generator,PLTMG_Belimbing,,,,117.451,0.166,,,
generator,PLTU_Kariangau_(PT._Kariangau_Power)_#01,,,,116.801,-1.199,,,
generator,PLTU_Kariangau_(PT._Kariangau_Power)_#02,,,,116.801,-1.199,,,
generator,PLTU_Senoni_#01,,,,117.093,-0.543,,,
generator,PLTU_Senoni_#02,,,,117.093,-0.544,,,
generator,PLTU_Rimba_Raya,,,,117.035,-0.547,,,
generator,PLTU_MT_Kaltim_(Muara_Jawa)_#01,,,,117.189,-0.78,,,
generator,PLTU_MT_Kaltim_(Muara_Jawa)_#02,,,,117.189,-0.78,,,
generator,PLTU_Kalsel-1_(PT._Tanjung_Power_Indonesia)_#01,,,,115.442,-2.162,,,
generator,PLTU_Kalsel-1_(PT._Tanjung_Power_Indonesia)_#02,,,,115.443,-2.162,,,
generator,PLTG_Senipah_#01,,,,117.135,-0.988,,,
generator,PLTG_Senipah_#02,,,,117.136,-0.987,,,
generator,PLTU_Embalut_(PT._Cahaya_Fajar_Kaltim)_#01,,,,117.062,-0.373,,,
generator,PLTU_Embalut_(PT._Cahaya_Fajar_Kaltim)_#02,,,,117.062,-0.373,,,
generator,PLTU_Embalut_Ekspansi_(PT._Cahaya_Fajar_Kaltim),,,,117.063,-0.373,,,
generator,PLTMG_MPP_PLN_Batam_(MPP_Pontianak),,,,109.204,0.059,,,
generator,PLTD_Kuala_Kurun_#01_(MWM),,,,113.873,-1.117,,,
generator,PLTD_Kuala_Kurun_#02_(DEUTZ_MWM),,,,113.873,-1.117,,,
generator,PLTD_Kuala_Kurun_#03_MITSUBISHI),,,,113.872,-1.117,,,
generator,PLTD_Kuala_Kurun_#04_MITSUBISHI),,,,113.872,-1.117,,,
generator,PLTD_Kuala_Kurun_#05_MITSUBISHI),,,,113.872,-1.117,,,
generator,PLTD_Kuala_Pembuang_#01_(MWM),,,,112.545,-3.39,,,
generator,PLTD_Kuala_Pembuang_#05_(MITSUBISHI),,,,112.545,-3.39,,,
generator,PLTD_Kuala_Pembuang_#06_(MITSUBISIH),,,,112.545,-3.39,,,
generator,PLTD_Kuala_Pembuang_#07_(MITSUBISHI),,,,112.545,-3.39,,,
generator,PLTD_Kuala_Pembuang_#08_(MITSUBISHI),,,,112.545,-3.39,,,
generator,PLTD_Sukamara_#03_(MWM),,,,111.164,-2.717,,,
generator,PLTD_Sukamara_#04_(DEUTZ),,,,111.164,-2.717,,,
generator,PLTD_Sukamara_#05_(DEUTZ_AG),,,,111.164,-2.717,,,
generator,PLTD_Sukamara_#06_(MTU),,,,111.164,-2.717,,,
generator,PLTD_Sukamara_#07_(MITSUBITSI),,,,111.164,-2.717,,,
generator,PLTD_Sukamara_#08_(MITSUBITSI),,,,111.164,-2.717,,,
generator,PLTD_Sukamara_#09_(MITSUBITSI),,,,111.164,-2.717,,,
generator,PLTU_PT._Smart_Tarjun_Refinery,,,,116.119,-3.271,,,
generator,PLTD_Sewa_UPM_Kuala_Kurun,,,,113.872,-1.117,,,
generator,PLTD_Sewa_DKK_Kuala_Pembuang,,,,112.545,-3.39,,,
generator,PLTD_DKK_Sukamara,,,,111.164,-2.717,,,
generator,PLTU_Pangkalan_Bun_(PT._Eksploitasi_Energi_Indonesia),,,,111.703,-2.771,,,
generator,PLTD_Kuala_Pembuang_#02_(DEUTZ_MWM),,,,112.545,-3.39,,,
generator,PLTD_Kuala_Pembuang_#03_(DEUTZ_MWM),,,,112.545,-3.39,,,
generator,PLTD_Kuala_Pembuang_#04_(DEUTZ_MWM),,,,112.545,-3.39,,,
generator,PLTD_Sukamara_#01_(MAN),,,,111.164,-2.717,,,
generator,PLTD_Sukamara_#02_(MAN),,,,111.164,-2.717,,,
generator,PLTU_Lati_(PT._Indo_Pusaka_Berau),,,,117.619,2.215,,,
generator,PLTU_Sangatta_(PT._Kaltim_Prima_Coal)_Ex_Sektor Mahakam,,,,117.635,0.539,,,
generator,PLTMG_Gunung_Belah_#01,,,,117.596,3.304,,,
generator,PLTMG_Gunung_Belah_#02,,,,117.596,3.304,,,
generator,PLTMG_Bunyu_(PT._Prastiwahyu),,,,117.845,3.475,,,
generator,PLTMG_Sw_Tanah_Merah_(KSO_PT._TAN_Energy),,,,117.535,3.764,,,
generator,PLTMG_Nunukan_KSO_Bugak,,,,117.64,4.133,,,
generator,PLTMG_Sw_Tarakan_(PT._PLN_Tarakan_-_PT._Atamora),,,,117.596,3.304,,,
generator,PLTG_Sw_Tarakan_(PT._PLN_Tarakan_-_Perusda),,,,117.596,3.304,,,
generator,PLTMG_Sw_Tarakan_II_(PT._PLN_Tarakan_-_PT._Max_Power),,,,117.654,3.343,,,
generator,PLTMG_Sw_Tarakan_II_(PT._PLN_Tarakan_-_PT._Sewatama),,,,117.654,3.343,,,
generator,PLTMG_Sw_Tarakan_I_(PT._PLN_Tarakan_-_PT._Max_Power),,,,117.654,3.343,,,
generator,PLTMG_Sw_Tarakan_III_(PT._PLN_Tarakan_-_PT._Max_Power),,,,117.654,3.343,,,
generator,PLTMG_Sw_Tarakan_IV_(PT._PLN_Tarakan_-_PT._Max_Power),,,,117.654,3.343,,,
generator,PLTU_PT._Idec_Abadi_Wood_Industries_(AWI),,,,117.612,3.292,,,
generator,PLTU_PT._Indocement_Tunggal_Perkasa,,,,116.108,-3.273,,,
generator,PLTU_PT._Makmur_Sejahtera_Wisesa,,,,115.445,-2.158,,,
generator,PLTG_PLN_Tarakan_#01,,,,117.596,3.303,,,
generator,PLTMG_PLN_Tarakan,,,,117.596,3.303,,,
generator,PLTG_PLN_Tarakan_#02,,,,117.596,3.304,,,
generator,PLTU_PT._Sumber_Alam_Sekurau_(SAS),,,,117.521,2.794,,,
generator,PLTU_PT._Wijaya_Triutama_Plywood_Industri,,,,114.562,-3.336,,,
generator,PLTU_PT._Kaltim_Daya_Mandiri,,,,117.497,0.175,,,
generator,PLTU_PT._Kalimantan_Powerindo,,,,116.837,-0.32,,,
generator,PLTU_Tembilok_(IPP_Ketapang)_#01,,,,109.952,-1.782,,,
generator,PLTU_Tembilok_(IPP_Ketapang)_#02,,,,109.952,-1.782,,,
generator,PLTU_Parit_Baru_Site_Bengkayang_#02,,,,108.874,0.837,,,
generator,PLTMG_Tanjung_Selor_Unit_2,,,,117.367,2.814,,,
generator,PLTU_Kaltim_(FTP2)_Unit_1,,,,117.492,0.054,,,
generator,PLTU_Tanjung_Redep_/_Berau_#02,,,,117.393,2.156,,,
generator,PLTU_Kaltim_(FTP2)_Unit_2,,,,117.492,0.055,,,
generator,PLTMG_Tanjung_Selor_Unit_1,,,,117.367,2.814,,,
generator,PLTU_Kaltim_4_(Ekspansi-2_Embalut)_#01,,,,117.066,-0.364,,,
generator,PLTU_Kaltim_4_(Ekspansi-2_Embalut)_#02,,,,117.066,-0.364,,,
generator,PLTU_Tanjung_Redep_/_Berau_#01,,,,117.393,2.156,,,
generator,PLTBg_Suka_Damai,,,,115.773,-3.341,,,
generator,PLTU_Kalselteng_1_(PT._SKS_Listrik_Kalimantan)_#01,,,,113.567,-1.374,,,
generator,PLTU_Kalselteng_1_(PT._SKS_Listrik_Kalimantan)_#02,,,,113.567,-1.374,,,
generator,PLTD_Kuala_Pembuang_Unit_7,,,,112.545,-3.39,,,
generator,PLTU_Kalbar_1_Unit_1,,,,108.846,0.815,,,
generator,PLTGU_Senipah_(ST),,,,117.136,-0.987,,,
generator,PLTD_Kuala_Pembuang_Unit_9,,,,112.545,-3.39,,,
generator,PLTU_Kalbar_1_Unit_2,,,,108.846,0.816,,,
generator,PLTD_Kuala_Kurun_Unit_2-3,,,,113.872,-1.117,,,
generator,PLTD_Kuala_Kurun_Unit_4,,,,113.872,-1.117,,,
generator,PLTD_Gunung_Purei_Unit_123,,,,115.62,-1.133,,,
generator,PLTD_Simpang_Sepaku_Mitsubishi_Unit_56,,,,111.503,-2.209,,,
generator,PLTD_Simpang_Sepaku_Mitsubishi_Unit_9,,,,111.502,-2.209,,,
generator,PLTD_Kartamulia_Sukamara_Mitsubishi_Unit_78,,,,111.211,-2.685,,,
