node,type,location,lon,lat,p_nom,carrier,marginal_cost,owner,build_year,bus,voltage
GI_Sambas,substation,,109.2688,1.3429,,,,,,,150
GI_Singkawang,substation,,108.9876,0.9266,,,,,,,150
GI_PLTU_3_Kalbar,substation,,108.8747,0.8361,,,,,,,150
GI_PLTU_2_Kalbar,substation,,108.8653,0.83,,,,,,,150
GI_Senggiring,substation,,108.9853,0.3162,,,,,,,150
GI_Parit_Baru,substation,,109.2055,0.0592,,,,,,,150
GI_Kota_Baru,substation,,109.2987,-0.0754,,,,,,,150
GI_Siantan,substation,,109.328,-0.0002,,,,,,,150
GI_Sei_Raya,substation,,109.3809,-0.0735,,,,,,,150
GI_Tayan,substation,,110.0932,0.0015,,,,,,,150
GI_Ngabang,substation,,110.001,0.3534,,,,,,,150
GI_Bengkayang,substation,,109.4967,0.9056,,,,,,,150
GITET_Bengkayang,substation,,109.4966,0.9066,,,,,,,275
GI_Pangkalanbun,substation,,111.7037,-2.6152,,,,,,,150
GI_Sampit,substation,,112.9207,-2.4816,,,,,,,150
GI_PLTU_Sampit,substation,,112.9101,-2.7625,,,,,,,150
GI_Kasongan,substation,,113.4337,-1.9002,,,,,,,150
GI_Palangkaraya,substation,,113.8739,-2.1748,,,,,,,150
GI_Sebangau,substation,,113.9302,-2.2748,,,,,,,150
GI_Pulau_Pisang,substation,,114.2547,-2.7316,,,,,,,150
GI_S_Mintin,substation,,114.2086,-2.8214,,,,,,,150
GI_Selat,substation,,114.3736,-3.0121,,,,,,,150
GI_Seberang_Barito,substation,,114.5522,-3.2767,,,,,,,150
GI_Trisakti,substation,,114.571,-3.3094,,,,,,,150
GI_Mantuil,substation,,114.627,-3.4236,,,,,,,150
GI_Asam-asam,substation,,115.1049,-3.9253,,,,,,,150
GI_Satui,substation,,115.519,-3.7127,,,,,,,150
GI_Batulicin,substation,,115.9862,-3.4822,,,,,,,150
GI_Cempaka,substation,,114.8499,-3.4658,,,,,,,150
GI_Pelaihari,substation,,114.7576,-3.7296,,,,,,,150
GI_Bandara,substation,,114.7553,-3.4725,,,,,,,150
GI_Rantau,substation,,115.126,-3.0289,,,,,,,150
GI_Barikin,substation,,115.3276,-2.6843,,,,,,,150
GI_Kayutangi,substation,,114.6205,-3.2304,,,,,,,150
GI_Amuntai,substation,,115.2949,-2.4171,,,,,,,150
GI_Tanjung,substation,,115.4505,-2.1953,,,,,,,150
GI_Buntok,substation,,114.9788,-1.7459,,,,,,,150
GI_Muara_Teweh,substation,,114.8658,-0.8672,,,,,,,150
GI_Bangkanai,substation,,115.1385,-0.6212,,,,,,,150
GI_Muara_Komam,substation,,115.8694,-1.828,,,,,,,150
GI_Kuaro,substation,,116.0945,-1.8032,,,,,,,150
GI_Grogot,substation,,116.1656,-1.8984,,,,,,,150
GI_Longikis,substation,,116.3231,-1.5161,,,,,,,150
GI_Petung,substation,,116.6719,-1.3408,,,,,,,150
GI_Kariangau,substation,,116.792,-1.1657,,,,,,,150
GI_Karangjoang,substation,,116.8777,-1.1488,,,,,,,150
GI_Manggar_Sari,substation,,116.9488,-1.2383,,,,,,,150
GI_Industri,substation,,116.8411,-1.262,,,,,,,150
GI_Senipah,substation,,117.135,-0.9869,,,,,,,150
GI_Harapan_Baru,substation,,117.1063,-0.547,,,,,,,150
GI_Tengkawang,substation,,117.1136,-0.5024,,,,,,,150
GI_Embalut,substation,,117.0518,-0.3816,,,,,,,150
GI_Bukit_Biru,substation,,116.978,-0.456,,,,,,,150
GI_Kotabangun,substation,,116.5953,-0.2716,,,,,,,150
GI_Bukuan,substation,,117.193,-0.5832,,,,,,,150
GI_Muara_Jawa,substation,,117.1886,-0.7806,,,,,,,150
GI_Sambutan,substation,,117.2139,-0.5242,,,,,,,150
GI_Muara_Badak,substation,,117.2925,-0.316,,,,,,,150
GI_Teluk_Pandan,substation,,117.435,0.1614,,,,,,,150
GI_Sangatta,substation,,117.5693,0.4701,,,,,,,150
GI_Malinau,substation,,116.6286,3.5114,,,,,,,150
GI_Tideng_Pale,substation,,116.8411,3.5748,,,,,,,150
PLTD Trisakti,generator,Kalimantan Selatan,114.572,-3.31,54.2,Oil,,PLN,1983,,
PLTD Kuala Kapuas,generator,Kalimantan Tengah,114.374,-3.012,6,Oil,,PLN,1992,,
PLTD Barabai,generator,Kalimantan Selatan,115.376,-2.593,6.672,Oil,,PLN,1977,,
PLTD Panangkalaan,generator,Kalimantan Selatan,115.262,-2.404,8.534,Oil,,PLN,1986,,
PLTD Tanjung,generator,Kalimantan Selatan,115.931,-2.183,0,Oil,,PLN,1977,,
PLTD Maburai,generator,Kalimantan Selatan,115.45,-2.195,1.88,Oil,,PLN,1996,,
PLTA IR. PM Noor,generator,Kalimantan Selatan,115.008,-3.516,30,Run_of_River,,PLN,1973,,
PLTD Asam Asam,generator,Kalimantan Selatan,115.105,-3.925,8.4,Oil,,PLN,2000,,
PLTD Karang Asam,generator,N/A,117.114,-0.502,40,Oil,,PLN,1978,,
PLTD Bontang,generator,N/A,117.459,0.145,27.59,Oil,,PLN,2003,,
PLTD Kledang,generator,N/A,117.122,-0.523,40.03,Oil,,PLN,1987,,
PLTU Mangkujenang,generator,N/A,117.156,-0.539,4,Coal,,Excess Power,2015,,
PLTD Tanah Grogot,generator,N/A,116.18,-1.888,3.19,Oil,,PLN,1996,,
PLTD Petung,generator,N/A,116.67,-1.342,5.812,Oil,,PLN,1984,,
PLTD Batu Sopang,generator,N/A,115.912,-1.82,8.4,Oil,,PLN,2006,,
PLTD Long Ikis,generator,N/A,116.187,-1.6,2.6,Oil,,Sewa,2002,,
PLTD Gunung Malang,generator,N/A,116.841,-1.263,20.08,Oil,,PLN,1978,,
PLTD Batakan Unit,generator,N/A,116.951,-1.238,12.16,Oil,,PLN,1988,,
PLTD Cogindo (MFO),generator,N/A,116.951,-1.238,40,Oil,,IPP,2009,,
PLTD CDE Karang Joang (MFO),generator,N/A,116.878,-1.149,30,Oil,,Excess Power,2010,,
PLTD Muara Komam,generator,N/A,115.812,-1.675,2.79,Oil,,PLN,1982,,
PLTD Kerang,generator,N/A,116.082,-2.239,0.96,Oil,,PLN,1982,,
PLTD Tanjung Aru,generator,N/A,116.584,-2.175,0.4,Oil,,PLN,2002,,
PLTD Jenebora/Gresik,generator,N/A,116.735,-1.186,0.76,Oil,,PLN,2000,,
PLTD Siantan,generator,Kalimantan Barat,109.327,-0.002,49.9,Oil,,PLN,1977,,
PLTD Sei Raya,generator,Kalimantan Barat,109.38,-0.072,50.4,Oil,,PLN,1987,,
PLTD Sudirman,generator,Kalimantan Barat,108.998,0.911,5.585,Oil,,PLN,1982,,
PLTD Sei Wie,generator,Kalimantan Barat,108.987,0.926,18.4,Oil,,PLN,1986,,
PLTBm PT. Rezeki,generator,Kalimantan Barat,109.286,0.011,10,Biomass,,IPP,2018,,
PLTD Sewatama Sera I&II,generator,Kalimantan Barat,109.381,-0.073,0,Oil,,Sewa,2001,,
PLTD Sewa Ake,generator,Kalimantan Barat,109.328,-0.001,20,Oil,,Sewa,2008,,
PLTD Artiduta,generator,Kalimantan Barat,109.38,-0.074,45,Oil,,Sewa,2010,,
PLTD Sewatama Sera III,generator,Kalimantan Barat,109.381,-0.073,0,Oil,,Sewa,2013,,
PLTD Bugak Berawang,generator,Kalimantan Barat,109.203,0.061,30,Oil,,Sewa,2016,,
PLTA SESCO 275,generator,N/A,110.35,1.354,90,Run_of_River,,Excess Power,2016,,
PLTD Muara Bengkal,generator,N/A,116.674,0.437,4.548,Oil,,PLN,1997,,
PLTD Muara Wahau,generator,N/A,116.843,1.045,6.894,Oil,,PLN,1995,,
PLTD Sepaso,generator,N/A,117.561,0.756,4.49,Oil,,PLN,2000,,
PLTD Sepaso Pemkab,generator,N/A,117.561,0.756,0.92,Oil,,Pemda,2015,,
PLTD Sepaso KPC,generator,N/A,117.561,0.756,0.22,Oil,,Sewa,2015,,
PLTD Sepaso Altrak,generator,N/A,117.561,0.756,1.9,Oil,,Sewa,2015,,
PLTD Sangkulirang,generator,N/A,117.98,0.986,3,Oil,,PLN,1996,,
PLTD Sangkulirang Pemkab,generator,N/A,117.98,0.986,0.8,Oil,,Pemda,2015,,
PLTD Sewa Sentawar Pemkab Kubar,generator,N/A,115.801,-0.242,5.2,Oil,,Swasta,2016,,
PLTD Sentawar,generator,N/A,115.801,-0.242,24.61,Oil,,PLN,2008,,
PLTD Melak,generator,Kalimantan Timur,115.831,-0.212,24.61,Oil,,BUMN,2001,,
PLTD Sambaliung,generator,Kalimantan Timur,117.511,2.158,15.918,Oil,,PLN,1996,,
PLTD Malinau,generator,Kalimantan Utara,116.611,3.541,10.64,Oil,,BUMN,1996,,
PLTD Selor,generator,Kalimantan Utara,117.386,2.832,19.384,Oil,,PLN,1977,,
PLTD Kahayan/Area Palangka Raya,generator,Kalimantan Tengah,113.874,-1.827,17.45,Oil,,PLN,1986,,
PLTD Rayon Sampit,generator,Kalimantan Tengah,112.969,-2.516,3.88,Oil,,PLN,1982,,
PLTD Pangkalan Bun,generator,Kalimantan Tengah,111.731,-2.73,7.12,Oil,,PLN,1983,,
PLTD Rayon Nanga Bulik,generator,Kalimantan Tengah,111.469,-2.187,10.848,Oil,,PLN,1998/2018,,
PLTD Sewa PGL Pangkalan Bun,generator,Kalimantan Tengah,111.731,-2.73,4,Oil,,BUMN,2012,,
PLTD Sewa Kaltimex Pangkalan Bun,generator,Kalimantan Tengah,111.731,-2.73,14,Oil,,BUMN,2012,,
PLTD Sewa UPM Pangkalan Banteng,generator,Kalimantan Tengah,111.824,-2.607,2.5,Oil,,BUMN,2018,,
PLTD Sewa Kaltimex Sampit,generator,Kalimantan Tengah,112.97,-2.516,8,Oil,,BUMN,2012,,
PLTD Kotabaru,generator,Kalimantan Selatan,116.212,-3.254,15.47,Oil,,PLN,1980,,
PLTBm Kotawaringin Barat,generator,Kalimantan Tengah,111.967,-2.052,10,Biomass,,Swasta,2018,,
PLTD Kumai,generator,N/A,111.728,-2.725,11,Oil,,PLN,2004,,
PLTD Muara Teweh,generator,Kalimantan Tengah,114.883,-0.926,8.81,Oil,,PLN,2004,,
PLTD Puruk Cahu,generator,Kalimantan Tengah,114.583,-0.583,2.19,Oil,,PLN,2000,,
PLTD Buntok,generator,N/A,114.822,-1.745,4.01,Oil,,PLN,2004,,
PLTD Sukaharja,generator,Kalimantan Barat,109.977,-1.802,14.799,Oil,,PLN,1987,,
PLTD Kendawangan Kanan,generator,Kalimantan Barat,110.207,-2.532,0.823,Oil,,PLN,1996,,
PLTD Air Hitam,generator,Kalimantan Barat,110.625,-2.793,1.05,Oil,,PLN,2001,,
PLTD Tanjung Satai,generator,Kalimantan Barat,109.682,-1.208,1.084,Oil,,PLN,1996,,
PLTD Dusun Besar,generator,Kalimantan Barat,109.461,-1.11,1.196,Oil,,PLN,1982,,
PLTD Sandai,generator,Kalimantan Barat,110.524,-1.234,1.438,Oil,,PLN,2001,,
PLTD Balai Bekuak,generator,Kalimantan Barat,110.369,-0.522,3.009,Oil,,PLN,1999,,
PLTD Aur Kuning,generator,Kalimantan Barat,110.486,-0.954,2.755,Oil,,PLN,1995,,
PLTD Ulak Medang,generator,Kalimantan Barat,110.29,-1.678,0.04,Oil,,PLN,1994,,
PLTD Sampurna,generator,Kalimantan Barat,110.455,-1.184,0.236,Oil,,PLN,1999,,
PLTD Tumbang Titi,generator,Kalimantan Barat,110.611,-1.846,1.35,Oil,,PLN,2003,,
PLTD Manis Mata,generator,Kalimantan Barat,111.028,-2.448,0.232,Oil,,PLN,1997,,
PLTD Marau,generator,Kalimantan Barat,110.708,-2.125,0.246,Oil,,PLN,1990,,
PLTMH Batu Menang,generator,Kalimantan Barat,110.959,-1.984,0.1,Run_of_River,,PLN,2007,,
PLTD Nanga Tayap,generator,Kalimantan Barat,110.563,-1.516,0.75,Oil,,PLN,N/A,,
PLTD Teluk Melano,generator,Kalimantan Barat,109.951,-1.135,7.98,Oil,,PLN,N/A,,
PLTD Air Upas,generator,Kalimantan Barat,110.8,-2.303,0.695,Oil,,PLN,N/A,,
PLTBm PT Alas Kusuma,generator,Kalimantan Barat,109.972,-1.782,3.5,Biomass,,Excess Power,N/A,,
PLTD PT. Sewatama Ketapang,generator,Kalimantan Barat,109.977,-1.802,0,Oil,,Sewa,N/A,,
PLTD PT. Sewatama Ketapang 1,generator,Kalimantan Barat,109.977,-1.802,7,Oil,,Sewa,N/A,,
PLTD PT. Koperasi Induk PLN KTP,generator,Kalimantan Barat,109.977,-1.802,3,Oil,,Sewa,N/A,,
PLTD PT. Krista Nanga Tayap,generator,Kalimantan Barat,110.563,-1.516,0,Oil,,Sewa,N/A,,
PLTD PT. Tan Energi Marau,generator,Kalimantan Barat,110.708,-2.125,3.5,Oil,,Sewa,N/A,,
PLTD PT. Aggreko Nanga Tayap,generator,Kalimantan Barat,110.572,-1.567,6,Oil,,Sewa,N/A,,
PLTD Sambas,generator,Kalimantan Barat,109.296,1.36,4.095,Oil,,PLN,1977,,
PLTMH Sajingan,generator,Kalimantan Barat,109.643,1.62,0.225,Run_of_River,,PLN,2006,,
PLTD Sentebang,generator,Kalimantan Barat,109.046,1.312,0,Oil,,PLN,1986,,
PLTD Bengkayang,generator,Kalimantan Barat,109.477,0.819,0.5,Oil,,PLN,2003,,
PLTMH Merasap,generator,Kalimantan Barat,109.744,1.124,1.5,Run_of_River,,PLN,2010,,
PLTD Cempaka Putih,generator,Kalimantan Barat,110.057,1.073,0.28,Oil,,PLN,1996,,
PLTD Lemukutan,generator,Kalimantan Barat,108.712,0.76,0.412,Oil,,PLN,2001,,
PLTD Area Singkawang,generator,Kalimantan Barat,108.98,0.912,0.16,Oil,,PLN,N/A,,
PLTS Temajuk,generator,Kalimantan Barat,109.597,2.007,0.08,Solar,,PLN,2012,,
PLTS Sidding,generator,Kalimantan Barat,110.071,1.252,0.04,Solar,,PLN,2013,,
PLTD Temajuk,generator,Kalimantan Barat,109.602,1.997,0.75,Oil,,PLN,2015,,
PLTMH Serawak Energi BHD Sajingan (B),generator,Kalimantan Barat,109.68,1.609,0.8,Run_of_River,,IPP,N/A,,
PLTD Pulau Limbung,generator,Kalimantan Barat,109.859,-0.268,0.44,Oil,,PLN,1997,,
PLTS Pulau Limbung,generator,Kalimantan Barat,109.859,-0.268,0.06,Solar,,PLN,N/A,,
PLTD Tanjung Saleh,generator,Kalimantan Barat,109.148,-0.108,0.77,Oil,,PLN,1999,,
PLTD Sepuk Laut,generator,Kalimantan Barat,109.078,-0.222,0.5,Oil,,PLN,2014,,
PLTD Ngabang,generator,Kalimantan Barat,109.864,0.386,1.72,Oil,,PLN,N/A,,
PLTD Padang Tikar,generator,Kalimantan Barat,109.272,0.682,3.375,Oil,,PLN,N/A,,
PLTD Batu Ampar,generator,Kalimantan Barat,109.537,0.749,0.576,Oil,,PLN,N/A,,
PLTBm PT Harjohn Timber,generator,Kalimantan Barat,109.447,-0.179,5,Biomass,,Excess Power,N/A,,
PLTD PT. Sewatama Ngabang,generator,Kalimantan Barat,109.864,0.386,0,Oil,,Sewa,N/A,,
PLTD Semboja,generator,Kalimantan Barat,110.56,0.135,6,Oil,,PLN,1996,,
PLTD Teraju,generator,Kalimantan Barat,110.104,-0.23,0.368,Oil,,PLN,1989,,
PLTD Kuala Buayan,generator,Kalimantan Barat,110.382,0.106,1.574,Oil,,PLN,1993,,
PLTD Balai Karangan,generator,Kalimantan Barat,110.828,0.435,4.69,Oil,,PLN,1995,,
PLTD Sekadau,generator,Kalimantan Barat,110.89,0.021,2.345,Oil,,PLN,1997,,
PLTD Belitang,generator,Kalimantan Barat,111.24,0.131,3.3,Oil,,PLN,1997,,
PLTD Seberang Kapuas,generator,Kalimantan Barat,111.152,0.106,0,Oil,,PLN,1987,,
PLTD Balai Sepuak,generator,Kalimantan Barat,111.206,0.442,0.996,Oil,,PLN,1980,,
PLTD Menyurai,generator,Kalimantan Barat,111.511,0.086,12.21,Oil,,PLN,1986,,
PLTD Nanga Silat,generator,Kalimantan Barat,111.788,0.343,0.748,Oil,,PLN,1979,,
PLTD Senaning,generator,Kalimantan Barat,111.032,0.908,0.488,Oil,,PLN,1987,,
PLTD Nanga Merakai,generator,Kalimantan Barat,111.517,0.688,0.6,Oil,,PLN,2011,,
PLTD Ketungau,generator,Kalimantan Barat,111.62,0.357,0.213,Oil,,PLN,1993,,
PLTD Tebidah,generator,Kalimantan Barat,112.184,0.252,0.36,Oil,,PLN,1997,,
PLTD Sinar Pekayau,generator,Kalimantan Barat,111.082,0.333,0.505,Oil,,PLN,1997,,
PLTD Nanga Lebang,generator,Kalimantan Barat,111.644,0.218,0.218,Oil,,PLN,1987,,
PLTD Sidomulyo Pinoh,generator,Kalimantan Barat,111.707,-0.342,0.576,Oil,,PLN,2012,,
PLTD Kota Baru,generator,Kalimantan Barat,111.542,-0.8,0.331,Oil,,PLN,1997,,
PLTD Serawai,generator,Kalimantan Barat,112.439,-0.331,1.896,Oil,,PLN,1988,,
PLTD Manukung,generator,Kalimantan Barat,112.227,-0.418,0.232,Oil,,PLN,1998,,
PLTD Nanga Ella,generator,Kalimantan Barat,112.003,-0.398,1.445,Oil,,PLN,2005,,
PLTD Nanga Sayan,generator,Kalimantan Barat,111.676,-0.714,1.029,Oil,,PLN,1993,,
PLTD Bora,generator,Kalimantan Barat,111.764,-0.628,1.078,Oil,,PLN,1997,,
PLTMH Bora,generator,Kalimantan Barat,111.775,-0.633,0.2,Run_of_River,,PLN,N/A,,
PLTD Tontang,generator,Kalimantan Barat,112.223,-0.269,0.216,Oil,,PLN,1989,,
PLTD Kalan,generator,Kalimantan Barat,111.741,-0.336,0.17,Oil,,PLN,1998,,
PLTD Kayan,generator,Kalimantan Barat,111.69,-0.172,0.337,Oil,,PLN,1993,,
PLTD Kemangai,generator,Kalimantan Barat,112.71,-0.243,0.216,Oil,,PLN,1988,,
PLTD Sawai,generator,Kalimantan Barat,112.927,0.885,12.485,Oil,,PLN,N/A,,
PLTD Semitau,generator,Kalimantan Barat,111.96,0.543,4.748,Oil,,PLN,2003,,
PLTD Bunut,generator,Kalimantan Barat,112.655,0.528,0.57,Oil,,PLN,1986,,
PLTD Jongkong,generator,Kalimantan Barat,112.278,0.665,1.39,Oil,,PLN,1987,,
PLTD Embaloh,generator,Kalimantan Barat,112.602,0.831,0.601,Oil,,PLN,1995,,
PLTD Lanjak,generator,Kalimantan Barat,112.238,1.034,0.66,Oil,,PLN,2005,,
PLTD Tepuai,generator,Kalimantan Barat,112.303,0.37,3.99,Oil,,PLN,1994,,
PLTD Seberuang,generator,Kalimantan Barat,111.888,0.465,0.162,Oil,,PLN,1993,,
PLTD Nanga Erak,generator,Kalimantan Barat,113.154,0.372,0.57,Oil,,PLN,1990,,
PLTD Belikai,generator,Kalimantan Barat,112.137,0.33,0.3,Oil,,PLN,N/A,,
PLTD Kantuk,generator,Kalimantan Barat,110.607,0.124,0.14,Oil,,PLN,1987,,
PLTD Piasak,generator,Kalimantan Barat,112.723,0.659,0.222,Oil,,PLN,1996,,
PLTD Nibung,generator,Kalimantan Barat,112.178,0.334,0.08,Oil,,PLN,1996,,
PLTD Ujung Said,generator,Kalimantan Barat,112.378,0.67,0.496,Oil,,PLN,1984,,
PLTD Pulau Majang,generator,Kalimantan Barat,111.994,0.901,0.156,Oil,,PLN,1999,,
PLTD Ulak Pauk,generator,Kalimantan Barat,112.491,1.062,0.238,Oil,,PLN,1997,,
PLTD Badau,generator,Kalimantan Barat,111.903,1.044,2.085,Oil,,PLN,2015,,
PLTD Jasa,generator,Kalimantan Barat,111.148,1.004,0.306,Oil,,PLN,2015,,
PLTMH Serawak Energi BHD Badau (B),generator,Kalimantan Barat,111.872,1.033,0.32,Run_of_River,,IPP,N/A,,
PLTMH Serawak Energi BHD Balai Karangan (B),generator,Kalimantan Barat,110.355,0.988,1.12,Run_of_River,,IPP,N/A,,
PLTD Sewatama Semboja,generator,Kalimantan Barat,110.56,0.135,5,Oil,,Sewa,N/A,,
PLTD Sewatama Semboja 2,generator,Kalimantan Barat,110.561,0.135,0,Oil,,Sewa,N/A,,
PLTD Aggreko Semboja,generator,Kalimantan Barat,110.56,0.134,7,Oil,,Sewa,N/A,,
PLTD Koperasi IP Semboja,generator,Kalimantan Barat,110.561,0.134,0,Oil,,Sewa,N/A,,
PLTD ENSAS Sekadau,generator,N/A,110.89,0.021,8,Oil,,Sewa,N/A,,
PLTD Sewatama Menyurai 1,generator,Kalimantan Barat,111.511,0.086,0,Oil,,Sewa,N/A,,
PLTD Sewatama Menyurai 2,generator,Kalimantan Barat,111.511,0.086,0,Oil,,Sewa,N/A,,
PLTD Aggreko Menyurai,generator,Kalimantan Barat,111.511,0.085,7,Oil,,Sewa,N/A,,
PLTD Sewatama Pinoh,generator,Kalimantan Barat,111.707,-0.342,7,Oil,,Sewa,N/A,,
PLTD Makro SPE Pinoh,generator,Kalimantan Barat,111.707,-0.342,1,Oil,,Sewa,N/A,,
PLTD Sewatama Sibau,generator,Kalimantan Barat,112.927,0.885,0,Oil,,Sewa,N/A,,
PLTD Makro SPE Sibau,generator,Kalimantan Barat,112.927,0.885,0,Oil,,Sewa,N/A,,
PLTD Makro SPE Balai Karanga,generator,Kalimantan Barat,110.828,0.435,2,Oil,,Sewa,N/A,,
PLTD Makro SPE Semitau,generator,N/A,111.96,0.543,0,Oil,,Sewa,N/A,,
PLTD Makro SPE Kota Baru,generator,N/A,111.542,0.8,1,Oil,,Sewa,N/A,,
PLTD Makro SPE Tepuai,generator,N/A,112.303,0.37,0,Oil,,Sewa,N/A,,
PLTD Makro Sintang,generator,Kalimantan Barat,111.511,0.085,2,Oil,,Sewa,N/A,,
PLTD ULD Benua Riam,generator,Kalimantan Selatan,115.226,-3.094,0.18,Oil,,PLN,1995,,
PLTD ULD Rantau Bujur,generator,Kalimantan Selatan,115.199,-3.082,0.42,Oil,,PLN,1992,,
PLTD ULD Tumbang Jutuh,generator,Kalimantan Tengah,113.572,-1.289,2.1,Oil,,PLN,1994,,
PLTD ULD Tumbang Talaken,generator,Kalimantan Tengah,113.378,-1.361,1,Oil,,PLN,1994,,
PLTD ULD Tewah,generator,Kalimantan Tengah,112.122,-1.936,1.584,Oil,,PLN,1999,,
PLTD ULD Tumbang Miri,generator,Kalimantan Tengah,113.55,-0.916,1.06,Oil,,PLN,1985,,
PLTD ULD Tumbang Tambirah,generator,Kalimantan Tengah,113.823,-1.065,0.16,Oil,,PLN,1994,,
PLTD ULD Tumbang Miwan,generator,Kalimantan Tengah,113.872,-1.217,0.616,Oil,,PLN,1992,,
PLTD ULD Tumbang Kaman,generator,Kalimantan Tengah,113.093,-1.346,1.22,Oil,,PLN,1992,,
PLTD ULD Tumbang Hiran,generator,Kalimantan Tengah,112.691,-1.188,0.56,Oil,,PLN,1983,,
PLTD ULD Tumbang Senamang,generator,Kalimantan Tengah,112.425,-1.161,0.46,Oil,,PLN,1995,,
PLTD ULD Telaga,generator,Kalimantan Tengah,113.33,-2.421,0.12,Oil,,PLN,1990,,
PLTD Pagatan,generator,Kalimantan Tengah,113.33,-3.256,5,Oil,,PLN,1983,,
PLTD Telaga Pulang,generator,Kalimantan Tengah,112.27,-2.864,0.45,Oil,,PLN,1987,,
PLTD Mendawai,generator,Kalimantan Tengah,113.269,-2.989,1.352,Oil,,PLN,1994,,
PLTD Pangkut,generator,Kalimantan Tengah,111.92,-2.192,0.8,Oil,,PLN,1987,,
PLTD Kenambui,generator,Kalimantan Tengah,111.792,-2.476,0.12,Oil,,PLN,1994,,
PLTD Rantau Pulut,generator,Kalimantan Tengah,112.186,-2.048,0.96,Oil,,PLN,1986,,
PLTD Sukamandang,generator,Kalimantan Tengah,112.186,-2.048,1.1,Oil,,PLN,1995,,
PLTD Tumbang Manjul,generator,Kalimantan Tengah,111.928,-1.301,0.498,Oil,,PLN,1994,,
PLTD Kuala Jelai,generator,Kalimantan Tengah,110.739,-2.985,0.92,Oil,,PLN,1983,,
PLTD Balai Riam,generator,Kalimantan Tengah,111.182,-2.992,0.54,Oil,,PLN,1982,,
PLTD Mentobi Raya,generator,Kalimantan Tengah,111.694,-1.986,1.7,Oil,,PLN,2005,,
PLTD Kudangan,generator,Kalimantan Tengah,111.043,-1.61,0.29,Oil,,PLN,1994,,
PLTD Tapin Bini,generator,Kalimantan Tengah,111.317,-1.892,11.65,Oil,,PLN,1994,,
PLTBg Maju Aneka Sawit,generator,Kalimantan Tengah,112.542,-2.38,1,Biogas,,Excess Power,2014,,
PLTBg Sukajadi Sawit Mekar,generator,Kalimantan Tengah,112.455,-2.399,2.4,Biogas,,Excess Power,2014,,
PLTBg Unggul Lestari,generator,Kalimantan Tengah,112.598,-1.596,1,Biogas,,Excess Power,2014,,
PLTD UPM Parenggean,generator,Kalimantan Tengah,112.653,-1.881,2.5,Oil,,BUMN,2016,,
PLTBm Korintiga Hutani,generator,Kalimantan Tengah,111.824,-2.607,3,Biomass,,Excess Power,2014,,
PLTD Gn. Batu Besar,generator,Kalimantan Selatan,116.294,-2.622,0.51,Oil,,PLN,1993,,
PLTD Sei Bali,generator,Kalimantan Selatan,116.407,-3.408,1.67,Oil,,PLN,1990,,
PLTD Semaras,generator,Kalimantan Selatan,116.082,-3.823,0.15,Oil,,PLN,1993,,
PLTD Lontar,generator,Kalimantan Selatan,116.064,-3.978,2.62,Oil,,BUMN,1991,,
PLTD Kerasian,generator,Kalimantan Selatan,116.203,-4.027,0.33,Oil,,PLN,2004,,
PLTD Tanjung Seloka,generator,Kalimantan Selatan,116.306,-3.9,1.75,Oil,,PLN,1996,,
PLTD Geronggang,generator,Kalimantan Selatan,116.207,-2.857,1.85,Oil,,PLN,1996,,
PLTD Tanjung Batu,generator,Kalimantan Selatan,116.222,-3.005,1,Oil,,PLN,1983,,
PLTD Sampanahan,generator,Kalimantan Selatan,116.187,-2.641,1.77,Oil,,PLN,1985,,
PLTD Sei Durian,generator,Kalimantan Selatan,116.162,-2.509,1.09,Oil,,PLN,1990,,
PLTD Sengayam,generator,Kalimantan Selatan,115.995,-2.367,1.78,Oil,,PLN,1998,,
PLTD Marabatuan,generator,Kalimantan Selatan,115.81,-4.369,0.3,Oil,,PLN,1993,,
PLTD Tanjung Samalantakan,generator,Kalimantan Selatan,116.415,-2.566,0.49,Oil,,PLN,1990,,
PLTD Bakau,generator,Kalimantan Selatan,116.196,-2.443,0.46,Oil,,PLN,1990,,
PLTD Mulyaharja,generator,Kalimantan Selatan,116.322,-2.35,0.43,Oil,,PLN,1996,,
PLTD Kerayaan,generator,Kalimantan Selatan,116.207,-4.091,0.61,Oil,,PLN,2017,,
PLTD Kerumputan,generator,Kalimantan Selatan,116.172,-4.049,0.46,Oil,,PLN,2017,,
PLTD Sewa Kaltimex Kotabaru,generator,Kalimantan Selatan,116.212,-3.254,5.1,Oil,,BUMN,2015,,
PLTD Timpah,generator,Kalimantan Tengah,114.479,-1.719,1.108,Oil,,PLN,1993,,
PLTD Sebangau,generator,Kalimantan Tengah,113.639,-3.148,0.44,Oil,,PLN,1993,,
PLTD Pujon,generator,Kalimantan Tengah,114.364,-1.349,0.981,Oil,,PLN,1991,,
PLTD Sungai Hanyu,generator,Kalimantan Tengah,114.016,-0.927,0.38,Oil,,PLN,1994,,
PLTD Pendang,generator,Kalimantan Tengah,114.874,-1.506,0.3,Oil,,BUMN,1988,,
PLTD Tanjung Jawa,generator,Kalimantan Tengah,114.835,-1.565,0.22,Oil,,PLN,1993,,
PLTD Muara Plantau,generator,Kalimantan Tengah,115.001,-1.939,0.18,Oil,,PLN,1994,,
PLTD Bundar,generator,Kalimantan Tengah,114.93,-1.478,0.12,Oil,,PLN,1997,,
PLTD Merawan Lama,generator,Kalimantan Tengah,114.884,-1.451,0.28,Oil,,PLN,1993,,
PLTD Babai,generator,Kalimantan Tengah,114.836,-1.954,0.4,Oil,,PLN,1993,,
PLTD Mangkatip,generator,Kalimantan Tengah,114.851,-2.224,0.44,Oil,,PLN,1984,,
PLTD Teluk Betung,generator,Kalimantan Tengah,114.863,-1.978,0.26,Oil,,PLN,1993,,
PLTD Rangga Ilung,generator,Kalimantan Tengah,114.871,-2.34,0.5,Oil,,PLN,1982,,
PLTD Damparan,generator,Kalimantan Tengah,114.868,-2.138,0.44,Oil,,PLN,1994,,
PLTD Benangin,generator,Kalimantan Tengah,115.088,-0.978,0.36,Oil,,PLN,1990,,
PLTD Tumpung Laung,generator,Kalimantan Tengah,114.816,-1.321,1.04,Oil,,PLN,1981,,
PLTD Luwe Hulu,generator,Kalimantan Tengah,114.941,-0.795,0.48,Oil,,PLN,1987,,
PLTD Montalat,generator,Kalimantan Tengah,114.894,-1.323,0.26,Oil,,PLN,1996,,
PLTD Kandui,generator,Kalimantan Tengah,115.119,-1.257,1.13,Oil,,PLN,1984,,
PLTD Sabuh,generator,Kalimantan Tengah,114.976,-0.971,0.22,Oil,,PLN,1996,,
PLTD Muara Laung,generator,Kalimantan Tengah,114.732,-0.599,2.07,Oil,,PLN,1987,,
PLTD Tumbang Lahung,generator,Kalimantan Tengah,114.302,-0.695,0.38,Oil,,PLN,1993,,
PLTD PT. Kaltimex Energy (Puruk Cahu),generator,Kalimantan Tengah,114.583,-0.583,4.5,Oil,,Sewa,N/A,,
PLTD Karangan,generator,Kalimantan Timur,117.673,1.35,1,Oil,,PLN,1992,,
PLTBm Karangan DL,generator,Kalimantan Timur,117.673,1.35,0.35,Biomass,,Excess Power,1992,,
PLTD Pengadan,generator,Kalimantan Timur,117.673,1.35,0.62,Oil,,Excess Power,2016,,
PLTD Muara Wahau Altrak,generator,Kalimantan Timur,116.843,1.045,3,Oil,,PLN,1995,,
PLTD Batu Ampar,generator,Kalimantan Timur,116.831,0.679,0.4,Oil,,PLN,1998,,
PLTD Senyiur,generator,Kalimantan Timur,116.623,0.312,0.48,Oil,,PLN,2002,,
PLTD Senyiur Pemkab,generator,Kalimantan Timur,116.623,0.312,0.4,Oil,,PLN,2002,,
PLTD Long Segar,generator,Kalimantan Timur,116.821,0.798,0.44,Oil,,PLN,1998,,
PLTD Gemar Baru,generator,Kalimantan Timur,116.376,0.801,0.48,Oil,,PLN,1996,,
PLTD Gemar Baru Pemkab,generator,Kalimantan Timur,116.376,0.801,0.2,Oil,,PLN,1996,,
PLTD Muara Pantuan,generator,Kalimantan Timur,117.569,-0.58,0.36,Oil,,PLN,1998,,
PLTD Melak Pemkab,generator,Kalimantan Timur,115.832,-0.212,5.2,Oil,,BUMN,2001,,
PLTD Melak Sewatama,generator,Kalimantan Timur,115.831,-0.212,4,Oil,,BUMN,2001,,
PLTD Melak Kaltimex,generator,Kalimantan Timur,115.832,-0.212,6,Oil,,BUMN,2001,,
PLTD Long Iram,generator,Kalimantan Timur,115.633,0.013,1.44,Oil,,PLN,2001,,
PLTD Long Iram Pemkab,generator,Kalimantan Timur,115.633,0.013,0.5,Oil,,PLN,2001,,
PLTD Muara Pahu,generator,Kalimantan Timur,116.064,-0.325,0.8,Oil,,PLN,1992,,
PLTD Datah Bilang,generator,Kalimantan Timur,115.464,0.226,0.54,Oil,,PLN,1992,,
PLTD Long Bagun,generator,Kalimantan Timur,115.237,0.226,0.3,Oil,,PLN,1997,,
PLTD Long Bagun Pemkab,generator,Kalimantan Timur,115.257,0.206,0.52,Oil,,BUMN,2015,,
PLTD Dilang Putih,generator,Kalimantan Timur,115.766,-0.717,0.22,Oil,,PLN,1994,,
PLTD Tabisaq,generator,Kalimantan Timur,115.921,-0.497,0.52,Oil,,PLN,1996,,
PLTD Kelumpang,generator,Kalimantan Timur,115.823,-0.173,0.12,Oil,,PLN,1994,,
PLTD Muara Muntai,generator,Kalimantan Timur,116.474,-0.643,1.5,Oil,,PLN,1994,,
PLTD Penyinggahan,generator,Kalimantan Timur,116.223,-0.387,0.56,Oil,,PLN,1992,,
PLTD Tanjung Isuy,generator,Kalimantan Timur,116.14,-0.514,1.88,Oil,,PLN,1994,,
PLTD Muara Siran,generator,Kalimantan Timur,116.636,-0.128,0.18,Oil,,PLN,1994,,
PLTD Muara Kedang,generator,Kalimantan Timur,116.298,-0.567,0.42,Oil,,PLN,1991,,
PLTD Semayang,generator,Kalimantan Timur,116.452,-0.183,0.18,Oil,,PLN,1995,,
PLTD Jantur,generator,Kalimantan Timur,116.29,-0.42,0.724,Oil,,PLN,1994,,
PLTD Tabang,generator,Kalimantan Timur,115.927,0.673,0.53,Oil,,PLN,1995,,
PLTD Muara Aloh,generator,Kalimantan Timur,116.352,-0.432,0.16,Oil,,PLN,1981,,
PLTD Sedulang,generator,Kalimantan Timur,116.811,-0.125,0.44,Oil,,PLN,1981,,
PLTD Long Apari,generator,Kalimantan Timur,114.534,0.812,0.64,Oil,,PLN,2015,,
PLTD Long Pahangai,generator,Kalimantan Timur,114.709,0.883,0.6,Oil,,PLN,2015,,
PLTBg Rea Kaltim,generator,Kalimantan Timur,115.801,-0.242,2,Biogas,,Excess Power,2011,,
PLTD Samabliung Kaltimex,generator,Kalimantan Timur,117.511,2.158,3,Oil,,PLN,1996,,
PLTD Bunyu,generator,Kalimantan Utara,117.845,3.469,1,Oil,,PLN,2000,,
PLTD Atap,generator,Kalimantan Utara,117.049,3.855,0.3,Oil,,PLN,1983,,
PLTD Tanah Merah,generator,Kalimantan Utara,117.54,3.764,0.43,Oil,,PLN,1994,,
PLTD Sekatak Pemkab,generator,Kalimantan Utara,117.07,3.307,0.426,Oil,,PLN,1987,,
PLTD Sekatak,generator,Kalimantan Utara,117.07,3.307,0.6,Oil,,PLN,1987,,
PLTD Malinau Pemkab,generator,Kalimantan Utara,116.611,3.541,7.672,Oil,,BUMN,1996,,
PLTD Biduk-Biduk,generator,Kalimantan Timur,118.746,1.216,1.64,Oil,,PLN,1983,,
PLTD Malinau Kaltimex,generator,Kalimantan Utara,116.611,3.541,2,Oil,,BUMN,1996,,
PLTD KTT Pemkab,generator,Kalimantan Utara,116.933,3.608,3.68,Oil,,BUMN,2009,,
PLTD KTT,generator,Kalimantan Utara,116.933,3.608,3.81,Oil,,BUMN,2009,,
PLTD Selor Sewatama,generator,Kalimantan Utara,117.386,2.832,2,Oil,,PLN,1977,,
PLTD Selor Makro,generator,Kalimantan Utara,117.386,2.832,7.3,Oil,,PLN,1977,,
PLTD Long Peso,generator,Kalimantan Utara,116.781,2.691,0.443,Oil,,PLN,1992,,
PLTD Mara,generator,Kalimantan Utara,116.239,2.75,0.5,Oil,,PLN,1993,,
PLTD Long Beluah,generator,Kalimantan Utara,116.121,2.738,0.5,Oil,,PLN,1994,,
PLTD Nunukan,generator,Kalimantan Utara,117.64,4.134,11.198,Oil,,PLN,1977,,
PLTD Nunukan Pemkab,generator,Kalimantan Utara,117.64,4.134,7.02,Oil,,PLN,1977,,
PLTD Sebatik,generator,Kalimantan Utara,117.909,4.147,6.712,Oil,,PLN,1983,,
PLTS Sebatik,generator,Kalimantan Utara,117.909,4.147,0.34,Solar,,PLN,1983,,
PLTD Tanjung Batu,generator,Kalimantan Timur,118.092,2.278,1.43,Oil,,PLN,2000,,
PLTD Talisayan Pemkab,generator,Kalimantan Timur,118.177,1.605,0.8,Oil,,PLN,1999,,
PLTD Talisayan,generator,Kalimantan Timur,118.177,1.605,2.25,Oil,,PLN,2013,,
PLTD Talisayan PT IPB,generator,Kalimantan Timur,118.177,1.605,1,Oil,,PLN,2013,,
PLTBm Talisayan DL,generator,Kalimantan Timur,118.177,1.605,0.26,Biomass,,Excess Power,2013,,
PLTD Gunung Sari,generator,Kalimantan Timur,117.116,2.185,0.57,Oil,,PLN,1994,,
PLTBm Gunung Sari HHM,generator,Kalimantan Timur,117.117,2.185,0.2,Biomass,,Excess Power,N/A,,
PLTD Derawan,generator,Kalimantan Timur,118.243,2.286,1.27,Oil,,PLN,1983,,
PLTS Derawan,generator,Kalimantan Timur,118.243,2.286,0.09,Oil,,PLN,1983,,
PLTD Batu Putih,generator,Kalimantan Timur,118.446,1.352,0.82,Oil,,PLN,1995,,
PLTD Merasa,generator,Kalimantan Timur,117.251,1.806,0.28,Oil,,PLN,1994,,
PLTD Tubaan,generator,Kalimantan Timur,117.859,1.818,0.455,Oil,,PLN,1987,,
PLTD Krayan,generator,Kalimantan Utara,115.7,3.883,0.8,Oil,,PLN,2015,,
PLTMH Krayan Pemkab,generator,Kalimantan Utara,115.7,3.883,0.08,Run_of_River,,PLN,2015,,
PLTMH Krayan,generator,Kalimantan Utara,115.7,3.883,0.16,Run_of_River,,PLN,2015,,
PLTD Seimenggaris,generator,Kalimantan Utara,117.341,4.188,0.6,Oil,,PLN,2015,,
PLTS Seimenggaris ESDM,generator,Kalimantan Utara,117.341,4.188,0.1,Solar,,PLN,2015,,
PLTD Sebuku,generator,Kalimantan Utara,117.023,4.063,0.695,Oil,,PLN,2016,,
PLTS Sebuku ESDM,generator,Kalimantan Utara,117.023,4.063,0.1,Solar,,PLN,2016,,
PLTD Tulin Onsoi,generator,Kalimantan Utara,116.992,4.18,1,Oil,,PLN,2015,,
PLTS Tulin Onsoi ESDM,generator,Kalimantan Utara,116.992,4.18,0.1,Solar,,BUMN,2016,,
PLTS Sebatik ESDM,generator,Kalimantan Utara,117.802,4.153,0.2,Solar,,BUMN,2015,,
PLTD Lumbis Ogong,generator,Kalimantan Utara,116.548,3.93,0.5,Oil,,PLN,2016,,
PLTS Lumbis Ogong ESDM,generator,Kalimantan Utara,116.548,3.93,0.1,Solar,,PLN,2016,,
PLTD Kayan Hulu,generator,Kalimantan Utara,114.91,1.785,1.275,Oil,,IO,N/A,,
PLTS Kayan Hulu ESDM,generator,Kalimantan Utara,117.595,3.304,0.1,Solar,,EBTKE,N/A,,
PLTD Tarakan,generator,Kalimantan Utara,117.595,3.304,15.264,Oil,,PLN,N/A,,
PLTD Sewa Tarakan,generator,Kalimantan Utara,117.595,3.303,17,Oil,,PLN,N/A,,
PLTG Trisakti,generator,Kalimantan Selatan,114.57,-3.31,21,Oil,,PLN,1985,,
PLTMG Bangkanai Blok #01,generator,Kalimantan Tengah,115.137,-0.622,39.076,Gas,,PLN,2016,,
PLTMG Bangkanai Blok #02,generator,Kalimantan Tengah,115.137,-0.623,39.076,Gas,,PLN,2016,,
PLTMG Bangkanai Blok #03,generator,Kalimantan Tengah,115.137,-0.623,39.076,Gas,,PLN,2016,,
PLTMG Bangkanai Blok #04,generator,Kalimantan Tengah,115.137,-0.623,39.076,Gas,,PLN,2016,,
PLTU Asam Asam #01,generator,Kalimantan Selatan,115.105,-3.927,65,Coal,,PLN,2000,,
PLTU Asam Asam #02,generator,Kalimantan Selatan,115.106,-3.926,65,Coal,,PLN,2000,,
PLTU Asam Asam #03,generator,Kalimantan Selatan,115.106,-3.926,65,Coal,,PLN,2013,,
PLTU Asam Asam #04,generator,Kalimantan Selatan,115.106,-3.926,65,Coal,,PLN,2013,,
PLTU Pulang Pisau #01,generator,Kalimantan Tengah,114.209,-2.823,60,Coal,,PLN,2016,,
PLTU Pulang Pisau #02,generator,Kalimantan Tengah,114.209,-2.823,60,Coal,,PLN,2017,,
PLTMG Bontang Wartsila #01,generator,Kalimantan Timur,117.454,0.137,6.97,Gas,,PLN,2009,,
PLTMG MPP Kaltim #03,generator,Kalimantan Timur,117.454,0.138,9.78,Gas,,PLN,2018,,
PLTMG MPP Kaltim #04,generator,Kalimantan Timur,117.454,0.138,9.78,Gas,,PLN,2017,,
PLTMG MPP Kaltim #01,generator,Kalimantan Timur,117.454,0.138,9.78,Gas,,PLN,2018,,
PLTMG MPP Kaltim #02,generator,Kalimantan Timur,117.454,0.138,9.78,Gas,,PLN,2018,,
PLTMG Bontang Wartsila #02,generator,Kalimantan Timur,117.454,0.137,6.97,Gas,,PLN,2009,,
PLTU Teluk Balikpapan #01,generator,Kalimantan Timur,116.789,-1.17,110,Coal,,PLN,2017,,
PLTU Teluk Balikpapan #02,generator,Kalimantan Timur,116.789,-1.17,110,Coal,,PLN,2017,,
PLTGU Tanjung Batu #01,generator,Kalimantan Timur,117.051,-0.382,20,Oil,,PLN,1997,,
PLTGU Tanjung Batu #02,generator,Kalimantan Timur,117.051,-0.381,20,Oil,,PLN,1997,,
PLTGU Tanjung Batu #03,generator,Kalimantan Timur,117.051,-0.381,20,Oil,,PLN,1998,,
PLTG Peaking #01,generator,Kalimantan Timur,117.052,-0.384,70,Oil,,PLN,2014,,
PLTG Peaking #02,generator,Kalimantan Timur,117.052,-0.384,70,Oil,,PLN,2014,,
PLTG Sambera #01,generator,Kalimantan Timur,117.291,-0.317,20,Oil,,PLN,2009,,
PLTG Sambera #02,generator,Kalimantan Timur,117.292,-0.317,20,Oil,,PLN,2009,,
PLTG Siantan,generator,Kalimantan Barat,109.327,-0.001,34,Oil,,PLN,1997,,
PLTU Parit Baru Site Bengkayang #01,generator,Kalimantan Barat,108.874,0.837,55,Coal,,PLN,2018,,
PLTU Sanggau #01,generator,Kalimantan Barat,110.556,0.03,7,Coal,,PLN,2014,,
PLTU Sanggau #02,generator,Kalimantan Barat,110.556,0.03,7,Coal,,PLN,2014,,
PLTU Sintang #01,generator,Kalimantan Barat,111.434,0.074,9,Coal,,IPP,2018,,
PLTU Sintang #02,generator,Kalimantan Barat,111.434,0.074,9,Coal,,IPP,2018,,
PLTU Sintang #03,generator,Kalimantan Barat,111.434,0.074,9,Coal,,IPP,2018,,
PLTU Ketapang #01,generator,Kalimantan Barat,109.942,-1.782,10,Coal,,PLN,2016,,
PLTU Ketapang #02,generator,Kalimantan Barat,109.942,-1.782,10,Coal,,PLN,2016,,
PLTMG Kaltimex,generator,Kalimantan Timur,117.053,-0.383,9.6,Gas,,Sewa,2008,,
PLTMG SW Petung (PT. Benuo Taka Energy) #01,generator,Kalimantan Timur,116.74,-1.291,1,Gas,,Sewa,2010,,
PLTMG SW Petung (PT. Benuo Taka Energy) #02,generator,Kalimantan Timur,116.74,-1.291,1,Gas,,Sewa,2010,,
PLTMG SW Petung (PT. Benuo Taka Energy) #03,generator,Kalimantan Timur,116.74,-1.291,1,Gas,,Sewa,2010,,
PLTMG SW Petung (PT. Benuo Taka Energy) #04,generator,Kalimantan Timur,116.74,-1.291,1,Gas,,Sewa,2010,,
PLTU PT. Conch South Kalimantan Cement (SKC),generator,Kalimantan Selatan,115.57,-2.063,15,Coal,,IO,2015,,
PLTU Dua Samudera Perkasa (DSP),generator,Kalimantan Selatan,116.029,-3.309,6,Coal,,IO,2008,,
PLTU Rimau Electric,generator,Kalimantan Tengah,115.127,-2.018,7,Coal,,IPP,2013,,
PLTMG Belimbing,generator,Kalimantan Timur,117.451,0.166,8,Gas,,Excess Power,2014,,
PLTU Kariangau (PT. Kariangau Power) #01,generator,Kalimantan Timur,116.801,-1.199,15,Coal,,PPU,2014,,
PLTU Kariangau (PT. Kariangau Power) #02,generator,Kalimantan Timur,116.801,-1.199,15,Coal,,PPU,2014,,
PLTU Senoni #01,generator,Kalimantan Timur,117.093,-0.543,7.5,Coal,,IO,2011,,
PLTU Senoni #02,generator,Kalimantan Timur,117.093,-0.544,7.5,Coal,,IO,2011,,
PLTU Rimba Raya,generator,Kalimantan Timur,117.035,-0.547,7.5,Coal,,IO,2015,,
PLTU MT Kaltim (Muara Jawa) #01,generator,Kalimantan Timur,117.189,-0.78,33,Coal,,IPP,2018,,
PLTU MT Kaltim (Muara Jawa) #02,generator,Kalimantan Timur,117.189,-0.78,33,Coal,,IPP,2018,,
PLTU Kalsel-1 (PT. Tanjung Power Indonesia) #01,generator,Kalimantan Selatan,115.442,-2.162,115,Coal,,IPP,2019,,
PLTU Kalsel-1 (PT. Tanjung Power Indonesia) #02,generator,Kalimantan Selatan,115.443,-2.162,115,Coal,,IPP,2019,,
PLTG Senipah #01,generator,Kalimantan Timur,117.135,-0.988,46,Gas,,IPP,2014,,
PLTG Senipah #02,generator,Kalimantan Timur,117.136,-0.987,46,Gas,,IPP,2015,,
PLTU Embalut (PT. Cahaya Fajar Kaltim) #01,generator,Kalimantan Timur,117.062,-0.373,25,Coal,,IPP,2008,,
PLTU Embalut (PT. Cahaya Fajar Kaltim) #02,generator,Kalimantan Timur,117.062,-0.373,25,Coal,,IPP,2008,,
PLTU Embalut Ekspansi (PT. Cahaya Fajar Kaltim),generator,Kalimantan Timur,117.063,-0.373,50,Coal,,IPP,2008,,
PLTMG MPP PLN Batam (MPP Pontianak),generator,Kalimantan Barat,109.204,0.059,100,Oil,,IPP,2017,,
PLTD Kuala Kurun #01 (MWM),generator,Kalimantan Tengah,113.873,-1.117,0.22,Oil,,PLN,1999,,
PLTD Kuala Kurun #02 (DEUTZ MWM),generator,Kalimantan Tengah,113.873,-1.117,0.528,Oil,,PLN,2004,,
PLTD Kuala Kurun #03 MITSUBISHI),generator,Kalimantan Tengah,113.872,-1.117,1.33,Oil,,PLN,2018,,
PLTD Kuala Kurun #04 MITSUBISHI),generator,Kalimantan Tengah,113.872,-1.117,1.33,Oil,,PLN,2018,,
PLTD Kuala Kurun #05 MITSUBISHI),generator,Kalimantan Tengah,113.872,-1.117,1.33,Oil,,PLN,2018,,
PLTD Kuala Pembuang #01 (MWM),generator,Kalimantan Tengah,112.545,-3.39,0.22,Oil,,PLN,1991,,
PLTD Kuala Pembuang #05 (MITSUBISHI),generator,Kalimantan Tengah,112.545,-3.39,1.33,Oil,,PLN,2018,,
PLTD Kuala Pembuang #06 (MITSUBISIH),generator,Kalimantan Tengah,112.545,-3.39,1.33,Oil,,PLN,2018,,
PLTD Kuala Pembuang #07 (MITSUBISHI),generator,Kalimantan Tengah,112.545,-3.39,1.33,Oil,,PLN,2018,,
PLTD Kuala Pembuang #08 (MITSUBISHI),generator,Kalimantan Tengah,112.545,-3.39,1.33,Oil,,PLN,2018,,
PLTD Sukamara #03 (MWM),generator,Kalimantan Tengah,111.164,-2.717,0.22,Oil,,PLN,1998,,
PLTD Sukamara #04 (DEUTZ),generator,Kalimantan Tengah,111.164,-2.717,0.24,Oil,,PLN,1998,,
PLTD Sukamara #05 (DEUTZ AG),generator,Kalimantan Tengah,111.164,-2.717,0.7,Oil,,PLN,2000,,
PLTD Sukamara #06 (MTU),generator,Kalimantan Tengah,111.164,-2.717,0.528,Oil,,PLN,2017,,
PLTD Sukamara #07 (MITSUBITSI),generator,Kalimantan Tengah,111.164,-2.717,1.33,Oil,,PLN,2018,,
PLTD Sukamara #08 (MITSUBITSI),generator,Kalimantan Tengah,111.164,-2.717,1.33,Oil,,PLN,2018,,
PLTD Sukamara #09 (MITSUBITSI),generator,Kalimantan Tengah,111.164,-2.717,1.33,Oil,,PLN,2018,,
PLTU PT. Smart Tarjun Refinery,generator,Kalimantan Selatan,116.119,-3.271,3.2,Coal,,IO,2016,,
PLTD Sewa UPM Kuala Kurun,generator,Kalimantan Tengah,113.872,-1.117,2,Oil,,Sewa,2010,,
PLTD Sewa DKK Kuala Pembuang,generator,Kalimantan Tengah,112.545,-3.39,3,Oil,,Sewa,1991,,
PLTD DKK Sukamara,generator,Kalimantan Tengah,111.164,-2.717,2.4,Oil,,Sewa,2010,,
PLTU Pangkalan Bun (PT. Eksploitasi Energi Indonesia),generator,Kalimantan Tengah,111.703,-2.771,14,Coal,,IPP,2011,,
PLTD Kuala Pembuang #02 (DEUTZ MWM),generator,Kalimantan Tengah,112.545,-3.39,0.528,Oil,,PLN,2005,,
PLTD Kuala Pembuang #03 (DEUTZ MWM),generator,Kalimantan Tengah,112.545,-3.39,0.528,Oil,,PLN,2008,,
PLTD Kuala Pembuang #04 (DEUTZ MWM),generator,Kalimantan Tengah,112.545,-3.39,0.528,Oil,,PLN,2008,,
PLTD Sukamara #01 (MAN),generator,Kalimantan Tengah,111.164,-2.717,0.536,Oil,,PLN,2006,,
PLTD Sukamara #02 (MAN),generator,Kalimantan Tengah,111.164,-2.717,0.536,Oil,,PLN,2009,,
PLTU Lati (PT. Indo Pusaka Berau),generator,Kalimantan Timur,117.619,2.215,21,Coal,,IO,2004,,
PLTU Sangatta (PT. Kaltim Prima Coal) Ex Sektor Mahakam,generator,Kalimantan Timur,117.635,0.539,18,Coal,,IO,2017,,
PLTMG Gunung Belah #01,generator,Kalimantan Utara,117.596,3.304,6,Gas,,PLN,2004,,
PLTMG Gunung Belah #02,generator,Kalimantan Utara,117.596,3.304,6,Gas,,PLN,2004,,
PLTMG Bunyu (PT. Prastiwahyu),generator,Kalimantan Utara,117.845,3.475,2,Gas,,Sewa,2013,,
PLTMG Sw Tanah Merah (KSO PT. TAN Energy),generator,Kalimantan Utara,117.535,3.764,0.6,Gas,,Sewa,2015,,
PLTMG Nunukan KSO Bugak,generator,Kalimantan Utara,117.64,4.133,6,Gas,,Sewa,2008,,
PLTMG Sw Tarakan (PT. PLN Tarakan - PT. Atamora),generator,Kalimantan Utara,117.596,3.304,1.7,Gas,,Sewa,2017,,
PLTG Sw Tarakan (PT. PLN Tarakan - Perusda),generator,Kalimantan Utara,117.596,3.304,1,Gas,,Sewa,2017,,
PLTMG Sw Tarakan II (PT. PLN Tarakan - PT. Max Power),generator,Kalimantan Utara,117.654,3.343,1.6,Gas,,Sewa,2017,,
PLTMG Sw Tarakan II (PT. PLN Tarakan - PT. Sewatama),generator,Kalimantan Utara,117.654,3.343,1.7,Gas,,Sewa,2017,,
PLTMG Sw Tarakan I (PT. PLN Tarakan - PT. Max Power),generator,Kalimantan Utara,117.654,3.343,4.5,Gas,,Sewa,2017,,
PLTMG Sw Tarakan III (PT. PLN Tarakan - PT. Max Power),generator,Kalimantan Utara,117.654,3.343,3,Gas,,Sewa,2017,,
PLTMG Sw Tarakan IV (PT. PLN Tarakan - PT. Max Power),generator,Kalimantan Utara,117.654,3.343,2.5,Gas,,Sewa,2017,,
PLTU PT. Idec Abadi Wood Industries (AWI),generator,Kalimantan Utara,117.612,3.292,7,Coal,,PPU,2017,,
PLTU PT. Indocement Tunggal Perkasa,generator,Kalimantan Selatan,116.108,-3.273,55,Coal,,IO,2000,,
PLTU PT. Makmur Sejahtera Wisesa,generator,Kalimantan Selatan,115.445,-2.158,60,Coal,,PPU,2013,,
PLTG PLN Tarakan #01,generator,Kalimantan Utara,117.596,3.303,15.7,Gas,,PLN,2004,,
PLTMG PLN Tarakan,generator,Kalimantan Utara,117.596,3.303,30,Gas,,PLN,2004,,
PLTG PLN Tarakan #02,generator,Kalimantan Utara,117.596,3.304,23.6,Gas,,PLN,2011,,
PLTU PT. Sumber Alam Sekurau (SAS),generator,Kalimantan Utara,117.521,2.794,7.5,Coal,,PPU,2016,,
PLTU PT. Wijaya Triutama Plywood Industri,generator,Kalimantan Selatan,114.562,-3.336,45,Coal,,PPU,2016,,
PLTU PT. Kaltim Daya Mandiri,generator,Kalimantan Timur,117.497,0.175,34,Coal,,PPU,2016,,
PLTU PT. Kalimantan Powerindo,generator,Kalimantan Timur,116.837,-0.32,15,Coal,,PPU,2016,,
PLTU Tembilok (IPP Ketapang) #01,generator,Kalimantan Barat,109.952,-1.782,7.5,Coal,,IPP,2019,,
PLTU Tembilok (IPP Ketapang) #02,generator,Kalimantan Barat,109.952,-1.782,7.5,Coal,,IPP,2019,,
PLTU Parit Baru Site Bengkayang #02,generator,Kalimantan Barat,108.874,0.837,55,Coal,,PLN,2019,,
PLTMG Tanjung Selor Unit 2,generator,Kalimantan Utara,117.367,2.814,8.912,Gas,,IPP,2019,,
PLTU Kaltim (FTP2) Unit 1,generator,Kalimantan Timur,117.492,0.054,100,Coal,,IPP,2019,,
PLTU Tanjung Redep / Berau #02,generator,Kalimantan Timur,117.393,2.156,9.13,Coal,,PLN,2020,,
PLTU Kaltim (FTP2) Unit 2,generator,Kalimantan Timur,117.492,0.055,125,Coal,,IPP,2020,,
PLTMG Tanjung Selor Unit 1,generator,Kalimantan Utara,117.367,2.814,8.912,Gas,,PLN,2020,,
PLTU Kaltim 4 (Ekspansi-2 Embalut) #01,generator,Kalimantan Timur,117.066,-0.364,115,Coal,,IPP,2020,,
PLTU Kaltim 4 (Ekspansi-2 Embalut) #02,generator,Kalimantan Timur,117.066,-0.364,115,Coal,,IPP,2020,,
PLTU Tanjung Redep / Berau #01,generator,Kalimantan Timur,117.393,2.156,9.5,Coal,,PLN,2020,,
PLTBg Suka Damai,generator,Kalimantan Selatan,115.773,-3.341,2.4,Biogas,,PLN,2020,,
PLTU Kalselteng 1 (PT. SKS Listrik Kalimantan) #01,generator,Kalimantan Tengah,113.567,-1.374,115.034,Coal,,IPP,2020,,
PLTU Kalselteng 1 (PT. SKS Listrik Kalimantan) #02,generator,Kalimantan Tengah,113.567,-1.374,115.034,Coal,,IPP,2020,,
PLTD Kuala Pembuang Unit 7,generator,Kalimantan Tengah,112.545,-3.39,1.33,Oil,,PLN,2020,,
PLTU Kalbar 1 Unit 1,generator,Kalimantan Barat,108.846,0.815,125,Coal,,IPP,2020,,
PLTGU Senipah (ST),generator,Kalimantan Timur,117.136,-0.987,29.55,Gas,,IPP,2020,,
PLTD Kuala Pembuang Unit 9,generator,Kalimantan Tengah,112.545,-3.39,1,Oil,,PLN,2021,,
PLTU Kalbar 1 Unit 2,generator,Kalimantan Barat,108.846,0.816,125,Coal,,IPP,2021,,
PLTD Kuala Kurun Unit 2-3,generator,Kalimantan Tengah,113.872,-1.117,2.66,Oil,,PLN,2021,,
PLTD Kuala Kurun Unit 4,generator,Kalimantan Tengah,113.872,-1.117,1.33,Oil,,PLN,2021,,
"PLTD Gunung Purei Unit 1,2,3",generator,Kalimantan Tengah,115.62,-1.133,0.38,Oil,,PLN,2021,,
"PLTD Simpang Sepaku Mitsubishi Unit 5,6",generator,Kalimantan Tengah,111.503,-2.209,2.66,Oil,,PLN,2021,,
PLTD Simpang Sepaku Mitsubishi Unit 9,generator,Kalimantan Tengah,111.502,-2.209,1.33,Oil,,PLN,2021,,
"PLTD Kartamulia Sukamara Mitsubishi Unit 7,8",generator,N/A,111.211,-2.685,2.66,Oil,,PLN,2021,,
